"","game_pk","play_id","name","gd","ab_num","event","bat_team_id","fld_team_id","ev","la","dist","pull","brl","xban","xbad","hh","bip","v","pt","pn","ab","hit","is_1b","is_2b","is_3b","is_hr","so","bb"
"2","633286","8a7d7bf9-cd83-42f6-b00b-644d19913008","Suzuki Kurt,",2021-07-17,"47","strikeout","108","136","null","null","null","null","null","null","1","0","0","80.5","SL","Slider","1","0","0","0","0","0","1","0"
"3","633286","6676b408-d7d9-4cc3-a4dc-3d91e723ac30","Iglesias Jose,",2021-07-17,"45","fielders_choice_out","108","136","95.7","-12","7","Pull","0","0.23","1","1","1","89.6","FC","Cutter","1","0","0","0","0","0","0","0"
"4","633286","fe1928a0-d62a-46bf-904c-0aa9b6c21b08","Gosselin Phil,",2021-07-17,"44","double","108","136","95.1","18","302","Straightaway","0","0.433","1","1","1","94.0","FF","4-Seam Fastball","1","1","0","1","0","0","0","0"
"5","633286","26cfb6c1-208a-46d5-94ea-b597a42dc3f5","Walsh Jared,",2021-07-17,"43","strikeout","108","136","null","null","null","null","null","null","1","0","0","79.9","SL","Slider","1","0","0","0","0","0","1","0"
"6","633286","dcdaf0e9-0d74-439a-b648-8b78140c213d","Ohtani Shohei,",2021-07-17,"35","strikeout","108","136","null","null","null","null","null","null","1","0","0","82.7","SL","Slider","1","0","0","0","0","0","1","0"
"7","633286","add46740-02b9-4c9c-919e-ce5adf3eddfc","Fletcher David,",2021-07-17,"34","field_out","108","136","83.9","24","303","Pull","0","0.253","1","0","1","89.9","FC","Cutter","1","0","0","0","0","0","0","0"
"8","633286","89290cfd-cf63-476a-959b-d955f9e83ad5","Mayfield Jack,",2021-07-17,"33","home_run","108","136","104.7","30","421","Straightaway","1","0.88","1","1","1","89.5","FC","Cutter","1","1","0","0","0","1","0","0"
"9","633286","e664a0cc-4f36-4063-86d6-3e19a1cca499","Lagares Juan,",2021-07-17,"32","field_out","108","136","92.0","26","344","Pull","0","0.14","1","0","1","83.0","SL","Slider","1","0","0","0","0","0","0","0"
"10","633286","f9fca668-c80f-4221-aaac-c3a04de9b02d","Suzuki Kurt,",2021-07-17,"28","field_out","108","136","73.1","-18","6","Pull","0","0.041","1","0","1","80.6","SL","Slider","1","0","0","0","0","0","0","0"
"11","633286","76f1bde6-8895-4ffc-bfe7-c4e0dcef64cb","Ward Taylor,",2021-07-17,"27","double","108","136","103.0","19","291","Pull","0","0.523","1","1","1","90.9","FC","Cutter","1","1","0","1","0","0","0","0"
"12","633286","2c64004f-1c1c-41e2-948f-57f7a293fd98","Iglesias Jose,",2021-07-17,"26","double","108","136","97.7","18","313","Straightaway","0","0.41","1","1","1","82.7","SL","Slider","1","1","0","1","0","0","0","0"
"13","633286","d2d73105-15ca-4e80-9701-57e046d64f7e","Gosselin Phil,",2021-07-17,"25","field_out","108","136","103.6","1","60","Straightaway","0","0.447","1","1","1","93.3","FF","4-Seam Fastball","1","0","0","0","0","0","0","0"
"14","633286","1687f800-4900-44fe-9dbd-3e81e74afb81","Walsh Jared,",2021-07-17,"24","field_out","108","136","101.6","-6","20","Straightaway","0","0.299","1","1","1","89.9","FC","Cutter","1","0","0","0","0","0","0","0"
"15","633286","3a95ca0e-b37d-464e-84ac-d5bf335a0704","Ohtani Shohei,",2021-07-17,"19","strikeout","108","136","null","null","null","null","null","null","1","0","0","95.6","FF","4-Seam Fastball","1","0","0","0","0","0","1","0"
"16","633286","2c7f215b-8fdb-49a1-b99c-0cb7397c3bd2","Fletcher David,",2021-07-17,"18","double","108","136","93.9","20","361","Straightaway","0","0.28","1","0","1","84.3","SL","Slider","1","1","0","1","0","0","0","0"
"17","633286","6a81ee5f-64d0-497d-8b85-86329b789eec","Mayfield Jack,",2021-07-17,"17","walk","108","136","null","null","null","null","null","null","0","0","0","91.2","FC","Cutter","0","0","0","0","0","0","0","1"
"18","633286","db460200-5f13-49d3-b222-4c10fa9ea0fa","Lagares Juan,",2021-07-17,"16","single","108","136","89.8","16","260","Straightaway","0","0.893","1","0","1","95.3","FF","4-Seam Fastball","1","1","1","0","0","0","0","0"
"19","633286","42602c92-1e9b-488f-b004-01135c34db53","Suzuki Kurt,",2021-07-17,"15","strikeout","108","136","null","null","null","null","null","null","1","0","0","83.2","SL","Slider","1","0","0","0","0","0","1","0"
"20","633286","44a3e595-4ffc-466c-a916-2fd926c69535","Ward Taylor,",2021-07-17,"14","single","108","136","94.5","14","236","Straightaway","0","0.887","1","0","1","96.6","FF","4-Seam Fastball","1","1","1","0","0","0","0","0"
"21","633286","4aa892f7-2d37-4148-8ab3-36b96f9cee03","Iglesias Jose,",2021-07-17,"13","strikeout","108","136","null","null","null","null","null","null","1","0","0","84.0","SL","Slider","1","0","0","0","0","0","1","0"
"22","633286","b4a1b66e-7e8b-4372-822c-6e3219c83b3c","Gosselin Phil,",2021-07-17,"8","strikeout","108","136","null","null","null","null","null","null","1","0","0","82.7","SL","Slider","1","0","0","0","0","0","1","0"
"23","633286","489ca494-fd0b-45fd-8147-29a55dca95f7","Walsh Jared,",2021-07-17,"7","field_out","108","136","100.6","23","386","Straightaway","1","0.543","1","1","1","90.0","FC","Cutter","1","0","0","0","0","0","0","0"
"24","633286","cba84c6e-5886-4677-ae47-9f3d7dbf69b4","Ohtani Shohei,",2021-07-17,"6","field_out","108","136","72.4","60","164","Straightaway","0","0.033","1","0","1","82.1","SL","Slider","1","0","0","0","0","0","0","0"
"25","633286","3c934484-008c-4546-a4c1-16bd03b7fc09","Fletcher David,",2021-07-17,"5","double","108","136","105.7","-10","17","Pull","0","0.316","1","1","1","89.1","FC","Cutter","1","1","0","1","0","0","0","0"
"26","633371","c9b23ce9-07f5-4f1e-b45f-b0c07a8f79ce","Gardner Brett,",2021-07-07,"42","strikeout","147","136","null","null","null","null","null","null","1","0","0","93.8","FF","4-Seam Fastball","1","0","0","0","0","0","1","0"
"27","633371","1930aa75-e230-4b92-ab98-57665db989f4","Urshela Gio,",2021-07-07,"41","field_out","147","136","84.5","-6","13","Straightaway","0","0.127","1","0","1","84.6","CH","Changeup","1","0","0","0","0","0","0","0"
"28","633371","19d2dbcc-ce64-49ee-842e-aff1ebd7f419","Torres Gleyber,",2021-07-07,"40","field_out","147","136","82.7","-19","7","Pull","0","0.064","1","0","1","92.4","FF","4-Seam Fastball","1","0","0","0","0","0","0","0"
"29","633371","383a9c72-57c6-46af-9a8a-4fe6f83bf7a6","Voit III Luke,",2021-07-07,"36","field_out","147","136","98.4","66","185","Opposite","0","0.007","1","1","1","93.6","FF","4-Seam Fastball","1","0","0","0","0","0","0","0"
"30","633371","d0f6acc1-69f9-492d-9fda-9246c173c8e6","Stanton Giancarlo,",2021-07-07,"35","strikeout","147","136","null","null","null","null","null","null","1","0","0","87.2","CH","Changeup","1","0","0","0","0","0","1","0"
"31","633371","23024f30-a150-4543-9926-56308c7cfa71","Sanchez Gary,",2021-07-07,"34","strikeout","147","136","null","null","null","null","null","null","1","0","0","93.5","FF","4-Seam Fastball","1","0","0","0","0","0","1","0"
"32","633371","556488a3-e548-403d-860f-1c8a328910cd","Judge Aaron,",2021-07-07,"30","field_out","147","136","90.5","-34","4","Pull","0","0.069","1","0","1","91.4","FC","Cutter","1","0","0","0","0","0","0","0"
"33","633371","8dd5a728-459f-4613-87b5-94c8de1a8025","LeMahieu DJ,",2021-07-07,"29","walk","147","136","null","null","null","null","null","null","0","0","0","91.6","FC","Cutter","0","0","0","0","0","0","0","1"
"34","633371","e02e2ad0-ef2c-4515-b5d0-428d78d7c5fa","Locastro Tim,",2021-07-07,"28","double","147","136","95.1","24","308","Pull","0","0.227","1","1","1","88.2","FC","Cutter","1","1","0","1","0","0","0","0"
"35","633371","28aa6bc5-76e6-4d4e-a881-906a4f88441c","Gardner Brett,",2021-07-07,"27","field_out","147","136","69.6","-45","2","Straightaway","0","0.156","1","0","1","89.2","FC","Cutter","1","0","0","0","0","0","0","0"
"36","633371","ae984d8f-123c-459e-874e-62a78328399f","Urshela Gio,",2021-07-07,"26","field_out","147","136","103.4","20","395","Straightaway","0","0.577","1","1","1","93.4","FF","4-Seam Fastball","1","0","0","0","0","0","0","0"
"37","633371","90a91d9b-fc4a-4851-b722-8352bf024253","Torres Gleyber,",2021-07-07,"22","field_out","147","136","101.3","25","391","Straightaway","1","0.62","1","1","1","94.6","FF","4-Seam Fastball","1","0","0","0","0","0","0","0"
"38","633371","9cfbc37c-8195-4fc9-8b7c-81c8b6a297be","Voit III Luke,",2021-07-07,"21","single","147","136","81.4","21","244","Opposite","0","0.76","1","0","1","94.2","FF","4-Seam Fastball","1","1","1","0","0","0","0","0"
"39","633371","e6f34f2c-1b2d-45b2-8923-66d8778e7c41","Stanton Giancarlo,",2021-07-07,"20","single","147","136","85.6","10","163","Opposite","0","0.553","1","0","1","80.1","SL","Slider","1","1","1","0","0","0","0","0"
"40","633371","871bf9d0-4bd0-4e8a-868c-2a43eb64358e","Sanchez Gary,",2021-07-07,"19","strikeout","147","136","null","null","null","null","null","null","1","0","0","90.3","FC","Cutter","1","0","0","0","0","0","1","0"
"41","633371","47edb30c-098b-4c67-80ec-f0fb1a0dcba4","Judge Aaron,",2021-07-07,"18","home_run","147","136","106.9","32","429","Pull","1","0.937","1","1","1","80.1","SL","Slider","1","1","0","0","0","1","0","0"
"42","633371","d61e9454-b4a8-43f1-bef9-51f212ca29e5","LeMahieu DJ,",2021-07-07,"17","field_out","147","136","100.4","28","395","Straightaway","1","0.59","1","1","1","91.2","FC","Cutter","1","0","0","0","0","0","0","0"
"43","633371","db853cbd-f897-446a-9214-6d321955b309","Locastro Tim,",2021-07-07,"16","double","147","136","102.3","-1","38","Straightaway","0","0.41","1","1","1","92.7","FF","4-Seam Fastball","1","1","0","1","0","0","0","0"
"44","633371","5f51533b-22e7-4339-80ec-44c7a2835634","Gardner Brett,",2021-07-07,"8","strikeout","147","136","null","null","null","null","null","null","1","0","0","94.4","FF","4-Seam Fastball","1","0","0","0","0","0","1","0"
"45","633371","5a4a1e0b-d1a3-40d6-849e-2bc82edaae80","Urshela Gio,",2021-07-07,"7","double","147","136","107.6","17","376","Straightaway","1","0.663","1","1","1","89.2","FC","Cutter","1","1","0","1","0","0","0","0"
"46","633371","02c90b2f-fcce-4d72-b0a9-c29f85889372","Torres Gleyber,",2021-07-07,"6","single","147","136","104.2","16","292","Pull","0","0.593","1","1","1","91.2","FC","Cutter","1","1","1","0","0","0","0","0"
"47","633371","843b4b84-40c8-4cdb-a2f3-b5ec40c0d7d6","Voit III Luke,",2021-07-07,"5","single","147","136","98.1","14","180","Pull","0","0.823","1","1","1","82.4","SL","Slider","1","1","1","0","0","0","0","0"
"48","633371","7d2c9e56-fbbd-4a1a-93c9-5e83eb1b0bb9","Stanton Giancarlo,",2021-07-07,"4","field_out","147","136","90.8","62","198","Opposite","0","0.013","1","0","1","91.2","FC","Cutter","1","0","0","0","0","0","0","0"
"49","633371","1cf23f28-ce19-46c6-b00d-0270fdff78ae","Sanchez Gary,",2021-07-07,"3","walk","147","136","null","null","null","null","null","null","0","0","0","90.1","FC","Cutter","0","0","0","0","0","0","0","1"
"50","633371","17eca400-6a5b-4eb7-b4f8-d92fd1a4c7e1","Judge Aaron,",2021-07-07,"2","walk","147","136","null","null","null","null","null","null","0","0","0","91.1","FC","Cutter","0","0","0","0","0","0","0","1"
"51","633371","742a9212-7a85-4aa9-b332-75b9a80c65d7","LeMahieu DJ,",2021-07-07,"1","field_out","147","136","97.7","-22","4","Pull","0","0.105","1","1","1","91.3","FC","Cutter","1","0","0","0","0","0","0","0"
"52","633456","08020af6-c4ec-4a21-9db9-b825fc1d0922","Gurriel Jr. Lourdes,",2021-07-01,"58","field_out","141","136","97.9","-20","6","Straightaway","0","0.129","1","1","1","93.3","FC","Cutter","1","0","0","0","0","0","0","0"
"53","633456","0841f0e4-ee49-40fb-b991-b8d6bd85f561","Grichuk Randal,",2021-07-01,"57","strikeout","141","136","null","null","null","null","null","null","1","0","0","86.8","CH","Changeup","1","0","0","0","0","0","1","0"
"54","633456","72379178-137e-4e0d-8151-16030e939352","Springer III George,",2021-07-01,"56","strikeout","141","136","null","null","null","null","null","null","1","0","0","96.2","FF","4-Seam Fastball","1","0","0","0","0","0","1","0"
"55","633456","5ffbbfad-59ef-454c-a32a-297e91b841eb","Hernandez Teoscar,",2021-07-01,"55","double","141","136","74.4","-7","18","Opposite","0","0.082","1","0","1","85.7","CH","Changeup","1","1","0","1","0","0","0","0"
"56","633456","69246099-e7d2-4487-9dc0-6c8bd5d14ef1","Guerrero Jr. Vladimir,",2021-07-01,"50","grounded_into_double_play","141","136","97.1","-7","10","Straightaway","0","0.186","1","1","1","83.4","SL","Slider","1","0","0","0","0","0","0","0"
"57","633456","25f5c5b7-3423-4698-9b75-320e69cbdb7a","Bichette Bo,",2021-07-01,"49","single","141","136","88.5","11","169","Opposite","0","0.683","1","0","1","92.3","FC","Cutter","1","1","1","0","0","0","0","0"
"58","633456","50f674cd-7d09-4343-bf20-c3a81a0c51fd","Semien Marcus,",2021-07-01,"48","strikeout","141","136","null","null","null","null","null","null","1","0","0","89.1","CH","Changeup","1","0","0","0","0","0","1","0"
"59","633456","d42b356f-992f-490c-93a5-23946fc2732d","McGuire Reese,",2021-07-01,"42","strikeout","141","136","null","null","null","null","null","null","1","0","0","86.7","SL","Slider","1","0","0","0","0","0","1","0"
"60","633456","21dfa044-ba5c-46b7-aba4-056392614e24","Espinal Santiago,",2021-07-01,"41","strikeout","141","136","null","null","null","null","null","null","1","0","0","93.9","FC","Cutter","1","0","0","0","0","0","1","0"
"61","633456","57553f02-db43-4831-873d-1d979fbb6d13","Gurriel Jr. Lourdes,",2021-07-01,"40","field_out","141","136","102.2","15","294","Opposite","0","0.67","1","1","1","96.1","FF","4-Seam Fastball","1","0","0","0","0","0","0","0"
"62","633456","f48cbd15-5530-4323-8438-41f2ddb03473","Grichuk Randal,",2021-07-01,"36","field_out","141","136","79.3","40","261","Straightaway","0","0.047","1","0","1","93.9","FC","Cutter","1","0","0","0","0","0","0","0"
"63","633456","11bc0332-44b4-4767-8eea-b0892d7bf1bb","Springer III George,",2021-07-01,"35","single","141","136","48.7","22","109","Straightaway","0","0.218","1","0","1","90.1","FC","Cutter","1","1","1","0","0","0","0","0"
"64","633456","ad13eca2-638e-4dbd-82bc-925a8b65e744","Hernandez Teoscar,",2021-07-01,"34","grounded_into_double_play","141","136","106.0","-9","11","Straightaway","0","0.316","1","1","1","93.9","FC","Cutter","1","0","0","0","0","0","0","0"
"65","633456","28a1383e-bed9-478a-86eb-1c8747a29252","Guerrero Jr. Vladimir,",2021-07-01,"33","walk","141","136","null","null","null","null","null","null","0","0","0","93.8","FC","Cutter","0","0","0","0","0","0","0","1"
"66","633456","e6ac6570-474a-430a-ba54-ad03e7ad6388","Bichette Bo,",2021-07-01,"28","strikeout","141","136","null","null","null","null","null","null","1","0","0","97.7","FF","4-Seam Fastball","1","0","0","0","0","0","1","0"
"67","633456","cc8e429f-ae5a-44b8-a275-7048755a3ff8","Semien Marcus,",2021-07-01,"27","single","141","136","103.6","12","271","Straightaway","0","0.9","1","1","1","97.6","FF","4-Seam Fastball","1","1","1","0","0","0","0","0"
"68","633456","6c9a617b-f415-4211-8be0-eafb6878604f","McGuire Reese,",2021-07-01,"26","field_out","141","136","77.9","45","246","Opposite","0","0.057","1","0","1","90.7","FC","Cutter","1","0","0","0","0","0","0","0"
"69","633456","674a9f56-186b-4bde-a477-678bb92e403d","Espinal Santiago,",2021-07-01,"25","field_out","141","136","79.7","8","103","Pull","0","0.397","1","0","1","91.1","FC","Cutter","1","0","0","0","0","0","0","0"
"70","633456","f3226e96-06db-4594-b6b5-801e1e4a6e8b","Gurriel Jr. Lourdes,",2021-07-01,"19","field_out","141","136","90.9","-15","10","Pull","0","0.105","1","0","1","92.2","FC","Cutter","1","0","0","0","0","0","0","0"
"71","633456","79a38950-499e-46e0-afb5-01dd8171fd13","Grichuk Randal,",2021-07-01,"18","field_out","141","136","83.0","-9","16","Pull","0","0.116","1","0","1","92.1","FC","Cutter","1","0","0","0","0","0","0","0"
"72","633456","db54fd47-5691-44b7-865e-c803cedb3635","Springer III George,",2021-07-01,"17","field_out","141","136","90.6","2","52","Pull","0","0.388","1","0","1","93.1","FC","Cutter","1","0","0","0","0","0","0","0"
"73","633456","d8a3edb2-141a-4c12-8763-3effce28b000","Hernandez Teoscar,",2021-07-01,"10","field_out","141","136","96.5","-13","8","Straightaway","0","0.269","1","1","1","83.5","SL","Slider","1","0","0","0","0","0","0","0"
"74","633456","5cc281e5-d30e-4d57-b0ff-15627fe06335","Guerrero Jr. Vladimir,",2021-07-01,"9","field_out","141","136","94.0","-16","10","Pull","0","0.095","1","0","1","92.5","FC","Cutter","1","0","0","0","0","0","0","0"
"75","633456","94298902-61ab-4769-8f47-0675500ff0d7","Bichette Bo,",2021-07-01,"8","field_out","141","136","103.6","-2","27","Pull","0","0.367","1","1","1","83.8","SL","Slider","1","0","0","0","0","0","0","0"
"76","633456","f9d8a934-5d1b-4ae8-af64-53dded874d30","Semien Marcus,",2021-07-01,"7","home_run","141","136","106.3","21","392","Pull","1","0.79","1","1","1","91.4","FC","Cutter","1","1","0","0","0","1","0","0"
"77","633620","fa3f6845-219d-41c0-90c0-ce85f972bb80","Moncada Yoan,",2021-06-25,"51","walk","145","136","null","null","null","null","null","null","0","0","0","91.1","FC","Cutter","0","0","0","0","0","0","0","1"
"78","633620","1ada4e3f-587e-45a2-bab6-003c0ecb2078","Goodwin Brian,",2021-06-25,"50","walk","145","136","null","null","null","null","null","null","0","0","0","91.2","FC","Cutter","0","0","0","0","0","0","0","1"
"79","633620","fb529492-f853-464a-960f-6ff5b2f5cdb0","Anderson Tim,",2021-06-25,"49","grounded_into_double_play","145","136","91.2","-9","19","Opposite","0","0.225","1","0","1","97.1","FF","4-Seam Fastball","1","0","0","0","0","0","0","0"
"80","633620","0dda2251-7f30-4c6a-8b7d-d3a98c64fdc2","Mendick Danny,",2021-06-25,"48","walk","145","136","null","null","null","null","null","null","0","0","0","91.6","FC","Cutter","0","0","0","0","0","0","0","1"
"81","633620","8513f613-8671-402e-803b-1cd5815f3dde","Collins Zack,",2021-06-25,"42","strikeout","145","136","null","null","null","null","null","null","1","0","0","96.6","FF","4-Seam Fastball","1","0","0","0","0","0","1","0"
"82","633620","9aac8a2e-ea90-40ee-af10-cf1fd0697a0e","Garcia Leury,",2021-06-25,"41","strikeout","145","136","null","null","null","null","null","null","1","0","0","83.6","SL","Slider","1","0","0","0","0","0","1","0"
"83","633620","274f31b5-79e0-4546-a0e9-d58ffada4654","Vaughn Andrew,",2021-06-25,"40","field_out","145","136","67.4","-47","2","Straightaway","0","0.158","1","0","1","86.8","CH","Changeup","1","0","0","0","0","0","0","0"
"84","633620","80dcb169-b0b2-4e62-81f9-4c39c5aa1c22","Grandal Yasmani,",2021-06-25,"39","walk","145","136","null","null","null","null","null","null","0","0","0","90.3","FC","Cutter","0","0","0","0","0","0","0","1"
"85","633620","05d91fd7-726a-4746-b673-26bfe09dbaa9","Abreu Jose,",2021-06-25,"33","grounded_into_double_play","145","136","91.5","-17","6","Straightaway","0","0.095","1","0","1","93.0","FC","Cutter","1","0","0","0","0","0","0","0"
"86","633620","7fd28c9b-c3c3-4a35-8c2a-1176c03ca498","Moncada Yoan,",2021-06-25,"32","single","145","136","99.4","4","88","Pull","0","0.483","1","1","1","82.6","SL","Slider","1","1","1","0","0","0","0","0"
"87","633620","d13fc4ec-3484-4ff0-82a7-04c4a8325d6e","Goodwin Brian,",2021-06-25,"31","strikeout","145","136","null","null","null","null","null","null","1","0","0","81.5","SL","Slider","1","0","0","0","0","0","1","0"
"88","633620","61851c05-73de-4dff-8e3f-6c88d665c2bd","Anderson Tim,",2021-06-25,"26","strikeout","145","136","null","null","null","null","null","null","1","0","0","96.9","FF","4-Seam Fastball","1","0","0","0","0","0","1","0"
"89","633620","3b6ca267-5b08-4ba8-b1a2-2ae035196542","Mendick Danny,",2021-06-25,"25","field_out","145","136","82.2","11","157","Straightaway","0","0.553","1","0","1","95.7","FF","4-Seam Fastball","1","0","0","0","0","0","0","0"
"90","633620","f73031cf-3cc6-4ad0-98a4-743941c0e924","Collins Zack,",2021-06-25,"24","strikeout","145","136","null","null","null","null","null","null","1","0","0","96.4","FF","4-Seam Fastball","1","0","0","0","0","0","1","0"
"91","633620","2e272c82-0cd0-4b84-81a7-93611a502337","Garcia Leury,",2021-06-25,"17","field_out","145","136","90.3","-7","12","Pull","0","0.216","1","0","1","82.9","SL","Slider","1","0","0","0","0","0","0","0"
"92","633620","feef63ab-8312-4939-b543-271232b28cf8","Vaughn Andrew,",2021-06-25,"16","field_out","145","136","95.4","20","331","Straightaway","0","0.287","1","1","1","96.1","FF","4-Seam Fastball","1","0","0","0","0","0","0","0"
"93","633620","3474be60-7659-4a92-b8a3-652eed78187d","Grandal Yasmani,",2021-06-25,"15","home_run","145","136","110.8","28","438","Pull","1","1","1","1","1","90.8","FC","Cutter","1","1","0","0","0","1","0","0"
"94","633620","761a54a4-a8b6-46d5-bb16-604cd5fd2472","Abreu Jose,",2021-06-25,"14","field_out","145","136","92.2","-28","4","Straightaway","0","0.078","1","0","1","85.9","CH","Changeup","1","0","0","0","0","0","0","0"
"95","633620","bdc187e4-e5ec-47eb-8e54-2714b521331b","Moncada Yoan,",2021-06-25,"7","field_out","145","136","87.1","45","280","Pull","0","0.007","1","0","1","82.2","SL","Slider","1","0","0","0","0","0","0","0"
"96","633620","dfaf3646-3baf-46d0-931e-a09dc4fc3e27","Goodwin Brian,",2021-06-25,"6","strikeout","145","136","null","null","null","null","null","null","1","0","0","81.5","SL","Slider","1","0","0","0","0","0","1","0"
"97","633620","d2a8c768-feee-46aa-928f-3fefd685fc63","Anderson Tim,",2021-06-25,"5","field_out","145","136","73.1","-7","17","Straightaway","0","0.082","1","0","1","91.0","FC","Cutter","1","0","0","0","0","0","0","0"
"98","633615","dbd6d051-3c1f-43ef-939d-2dd199d852af","Margot Manuel,",2021-06-18,"58","field_out","139","136","89.9","-30","3","Straightaway","0","0.076","1","0","1","92.4","FC","Cutter","1","0","0","0","0","0","0","0"
"99","633615","59b25d77-c56f-4b2f-9283-c18a83f0670c","Phillips Brett,",2021-06-18,"57","field_out","139","136","88.3","36","304","Opposite","0","0.03","1","0","1","91.1","FC","Cutter","1","0","0","0","0","0","0","0"
"100","633615","646b44c5-5d01-4a2f-a91b-73e344ae72e9","Walls Taylor,",2021-06-18,"56","double","139","136","102.0","16","326","Opposite","0","0.59","1","1","1","96.2","FF","4-Seam Fastball","1","1","0","1","0","0","0","0"
"101","633615","cc31e0cd-5030-4909-8430-68580b0b5a62","Mejia Francisco,",2021-06-18,"55","field_out","139","136","76.6","34","279","Straightaway","0","0.11","1","0","1","90.8","FC","Cutter","1","0","0","0","0","0","0","0"
"102","633615","5b00639c-5c5c-4b0b-a65a-05ae340f69db","Lowe Brandon,",2021-06-18,"50","force_out","139","136","87.5","4","74","Straightaway","0","0.381","1","0","1","90.6","FC","Cutter","1","0","0","0","0","0","0","0"
"103","633615","b43ad425-7d7d-4e9c-a1dd-1786439a5c10","Brosseau Mike,",2021-06-18,"49","walk","139","136","null","null","null","null","null","null","0","0","0","93.0","FC","Cutter","0","0","0","0","0","0","0","1"
"104","633615","20432e29-f3ab-4e04-8c61-1b70f5db3633","Diaz Yandy,",2021-06-18,"48","strikeout","139","136","null","null","null","null","null","null","1","0","0","97.9","FF","4-Seam Fastball","1","0","0","0","0","0","1","0"
"105","633615","ba51d13a-f08e-48c7-ba64-39f2059b5bbf","Meadows Austin,",2021-06-18,"47","field_out","139","136","87.6","-19","8","Pull","0","0.116","1","0","1","82.7","SL","Slider","1","0","0","0","0","0","0","0"
"106","633615","c8f9db85-dd92-481b-be98-5e3a5a61bb73","Arozarena Randy,",2021-06-18,"43","field_out","139","136","60.7","58","145","Opposite","0","0.02","1","0","1","90.7","FC","Cutter","1","0","0","0","0","0","0","0"
"107","633615","b48251fd-9ef8-4fc1-8e95-c58a43057636","Margot Manuel,",2021-06-18,"42","single","139","136","96.5","4","98","Straightaway","0","0.513","1","1","1","84.7","SL","Slider","1","1","1","0","0","0","0","0"
"108","633615","7721299e-4f71-4e69-bf19-25142c9c2d84","Phillips Brett,",2021-06-18,"41","field_out","139","136","90.4","31","356","Straightaway","0","0.04","1","0","1","91.8","FC","Cutter","1","0","0","0","0","0","0","0"
"109","633615","a7e117ed-9cbd-4f88-820e-1579e7b045f4","Walls Taylor,",2021-06-18,"40","strikeout","139","136","null","null","null","null","null","null","1","0","0","97.2","FF","4-Seam Fastball","1","0","0","0","0","0","1","0"
"110","633615","ce276a67-d95d-43a8-bc03-a417409cefde","Mejia Francisco,",2021-06-18,"35","field_out","139","136","93.9","-16","6","Opposite","0","0.105","1","0","1","92.2","FC","Cutter","1","0","0","0","0","0","0","0"
"111","633615","873e3396-e83b-4123-8280-4de10474d3f3","Lowe Brandon,",2021-06-18,"34","strikeout","139","136","null","null","null","null","null","null","1","0","0","85.1","SL","Slider","1","0","0","0","0","0","1","0"
"112","633615","1ea34c4f-3971-4a5d-8158-03fcd6add3e9","Brosseau Mike,",2021-06-18,"33","field_out","139","136","95.8","-28","4","Straightaway","0","0.086","1","1","1","86.1","CH","Changeup","1","0","0","0","0","0","0","0"
"113","633615","b99eacf1-0912-4abf-8bad-7841dc6bcd60","Diaz Yandy,",2021-06-18,"25","field_out","139","136","84.4","-6","21","Straightaway","0","0.14","1","0","1","96.9","FF","4-Seam Fastball","1","0","0","0","0","0","0","0"
"114","633615","157ab7c3-a7ef-4f5e-b1f6-1966c17be4a9","Meadows Austin,",2021-06-18,"24","field_out","139","136","75.8","5","87","Opposite","0","0.214","1","0","1","95.3","FF","4-Seam Fastball","1","0","0","0","0","0","0","0"
"115","633615","f2de4a28-c275-4b58-840a-4e29b4f2c62e","Arozarena Randy,",2021-06-18,"23","field_out","139","136","94.4","-17","8","Pull","0","0.112","1","0","1","90.6","FC","Cutter","1","0","0","0","0","0","0","0"
"116","633615","3f53aa0f-9d84-463c-ae2d-9b8f951a71ac","Margot Manuel,",2021-06-18,"19","field_out","139","136","54.3","27","146","Opposite","0","0.313","1","0","1","96.1","FF","4-Seam Fastball","1","0","0","0","0","0","0","0"
"117","633615","ae694a34-8737-4118-9230-3a4d0519f16b","Phillips Brett,",2021-06-18,"18","strikeout","139","136","null","null","null","null","null","null","1","0","0","81.7","SL","Slider","1","0","0","0","0","0","1","0"
"118","633615","a72b1eb0-0d6e-42f0-8a2b-c07d3e440ed0","Walls Taylor,",2021-06-18,"17","walk","139","136","null","null","null","null","null","null","0","0","0","92.6","FC","Cutter","0","0","0","0","0","0","0","1"
"119","633615","a7f00a62-2abb-45dd-bfcf-4236ef46f65a","Mejia Francisco,",2021-06-18,"16","field_out","139","136","63.9","84","4","Pull","0","0.003","1","0","1","91.2","FC","Cutter","1","0","0","0","0","0","0","0"
"120","633615","45818710-8b1b-49f1-8a0d-11ebeb1b1131","Lowe Brandon,",2021-06-18,"6","strikeout","139","136","null","null","null","null","null","null","1","0","0","91.3","FC","Cutter","1","0","0","0","0","0","1","0"
"121","633615","b8f8e67b-3a4a-456c-a242-d47a03c2c820","Brosseau Mike,",2021-06-18,"5","walk","139","136","null","null","null","null","null","null","0","0","0","91.8","FC","Cutter","0","0","0","0","0","0","0","1"
"122","633615","1f39f6c0-5e1d-44dd-b2bd-70a9941d56f6","Diaz Yandy,",2021-06-18,"4","force_out","139","136","85.1","-25","5","Pull","0","0.08","1","0","1","91.8","FC","Cutter","1","0","0","0","0","0","0","0"
"123","633615","480fe8ba-f9b0-420f-be39-91d45cf3385f","Meadows Austin,",2021-06-18,"3","single","139","136","98.7","1","58","Straightaway","0","0.423","1","1","1","82.3","SL","Slider","1","1","1","0","0","0","0","0"
"124","633615","dec1531e-fa89-47cd-a5e3-e42a9e46844d","Arozarena Randy,",2021-06-18,"2","strikeout","139","136","null","null","null","null","null","null","1","0","0","85.9","CH","Changeup","1","0","0","0","0","0","1","0"
"125","633615","201b02ba-4e86-424c-8626-ddbc9462e979","Margot Manuel,",2021-06-18,"1","single","139","136","97.0","10","244","Straightaway","0","0.757","1","1","1","93.6","FC","Cutter","1","1","1","0","0","0","0","0"
"126","633725","42f4db9a-3780-4d4a-97b2-e3af6999a8e6","Miller Owen,",2021-06-12,"60","strikeout","114","136","null","null","null","null","null","null","1","0","0","85.9","SL","Slider","1","0","0","0","0","0","1","0"
"127","633725","572ba3f4-a313-4700-bfe9-1d337c6921bc","Naylor Josh,",2021-06-12,"59","field_out","114","136","106.1","-8","17","Pull","0","0.282","1","1","1","82.0","SL","Slider","1","0","0","0","0","0","0","0"
"128","633725","5d2c653b-ea97-45bf-b6ab-82822b8cb88c","Chang Yu,",2021-06-12,"58","field_out","114","136","93.3","18","314","Straightaway","0","0.503","1","0","1","97.2","FF","4-Seam Fastball","1","0","0","0","0","0","0","0"
"129","633725","e01915bd-4634-4cca-852c-13d0b4315a71","Rosario Eddie,",2021-06-12,"53","field_out","114","136","85.3","-15","9","Opposite","0","0.095","1","0","1","91.0","FC","Cutter","1","0","0","0","0","0","0","0"
"130","633725","a87a6b29-a93b-4173-89c7-1c5a1a6d628b","Ramirez Harold,",2021-06-12,"52","single","114","136","108.9","6","175","Opposite","0","0.673","1","1","1","91.0","FC","Cutter","1","1","1","0","0","0","0","0"
"131","633725","db22b360-5e6a-4fc0-ae91-c59bd07b6a59","Ramirez Jose,",2021-06-12,"51","strikeout","114","136","null","null","null","null","null","null","1","0","0","90.8","FC","Cutter","1","0","0","0","0","0","1","0"
"132","633725","d466c18b-8cc9-404a-a3ae-a9a436768331","Rosario Amed,",2021-06-12,"50","field_out","114","136","105.7","-9","14","Pull","0","0.316","1","1","1","91.1","FC","Cutter","1","0","0","0","0","0","0","0"
"133","633725","112f368b-722d-4c67-8630-418758eaf9e1","Hernandez Cesar,",2021-06-12,"46","strikeout","114","136","null","null","null","null","null","null","1","0","0","96.6","FF","4-Seam Fastball","1","0","0","0","0","0","1","0"
"134","633725","8178f492-3fc5-4889-8423-cdf8adf92b7b","Rivera Rene,",2021-06-12,"45","field_out","114","136","101.8","-16","4","Pull","0","0.164","1","1","1","93.4","FC","Cutter","1","0","0","0","0","0","0","0"
"135","633725","837e8b2e-7e69-4103-b970-2f56ce917f11","Miller Owen,",2021-06-12,"44","field_out","114","136","94.5","-27","4","Straightaway","0","0.102","1","0","1","91.4","FC","Cutter","1","0","0","0","0","0","0","0"
"136","633725","080832bf-e00f-44fb-9f66-3357b9433fef","Naylor Josh,",2021-06-12,"38","strikeout","114","136","null","null","null","null","null","null","1","0","0","85.2","SL","Slider","1","0","0","0","0","0","1","0"
"137","633725","2a8857e5-e237-4dd4-ab16-11df2183d211","Chang Yu,",2021-06-12,"37","field_out","114","136","76.9","9","116","Pull","0","0.33","1","0","1","84.0","SL","Slider","1","0","0","0","0","0","0","0"
"138","633725","bbb9580c-ec51-4ab5-a1d4-97c816eb32f9","Rosario Eddie,",2021-06-12,"36","field_out","114","136","94.6","9","154","Opposite","0","0.65","1","0","1","91.8","FC","Cutter","1","0","0","0","0","0","0","0"
"139","633725","423ea104-4f90-42d2-acbc-1b2e2821e2b6","Ramirez Harold,",2021-06-12,"30","force_out","114","136","85.9","-40","2","Pull","0","0.076","1","0","1","93.1","FC","Cutter","1","0","0","0","0","0","0","0"
"140","633725","09e87897-f52c-4613-95f5-c2345324ee37","Ramirez Jose,",2021-06-12,"29","single","114","136","102.4","-18","7","Pull","0","0.17","1","1","1","93.7","FC","Cutter","1","1","1","0","0","0","0","0"
"141","633725","00b2a3d6-106e-4965-a034-d1deeb375b62","Rosario Amed,",2021-06-12,"28","strikeout","114","136","null","null","null","null","null","null","1","0","0","84.8","SL","Slider","1","0","0","0","0","0","1","0"
"142","633725","427cf8f7-0b7d-483f-b50d-e78640a534a6","Hernandez Cesar,",2021-06-12,"27","force_out","114","136","91.9","-15","8","Pull","0","0.143","1","0","1","87.3","CH","Changeup","1","0","0","0","0","0","0","0"
"143","633725","dbe53e67-5e66-41da-9dec-71d3cc1aee2f","Rivera Rene,",2021-06-12,"26","walk","114","136","null","null","null","null","null","null","0","0","0","90.6","FC","Cutter","0","0","0","0","0","0","0","1"
"144","633725","dffe3c7f-58c9-4b97-975b-2b2cb9b68c53","Miller Owen,",2021-06-12,"19","strikeout","114","136","null","null","null","null","null","null","1","0","0","98.2","FF","4-Seam Fastball","1","0","0","0","0","0","1","0"
"145","633725","4e2a4142-8c0b-46b4-b7af-818ba017bec9","Naylor Josh,",2021-06-12,"18","field_out","114","136","106.0","-27","4","Pull","0","0.095","1","1","1","91.9","FC","Cutter","1","0","0","0","0","0","0","0"
"146","633725","85b32a6a-725b-44db-b105-b4b63101172c","Chang Yu,",2021-06-12,"17","walk","114","136","null","null","null","null","null","null","0","0","0","85.0","SL","Slider","0","0","0","0","0","0","0","1"
"147","633725","cec59ce2-19f5-4658-8d22-d87de1cafa5b","Rosario Eddie,",2021-06-12,"16","field_out","114","136","92.2","23","307","Straightaway","0","0.177","1","0","1","81.6","SL","Slider","1","0","0","0","0","0","0","0"
"148","633725","e4a6346e-224e-45d7-82b3-ef2955a759c3","Ramirez Harold,",2021-06-12,"15","single","114","136","84.5","-41","1","Pull","0","0.091","1","0","1","91.9","FC","Cutter","1","1","1","0","0","0","0","0"
"149","633725","14183b95-46a7-4e7d-95f9-a56faf0ba7c3","Ramirez Jose,",2021-06-12,"10","grounded_into_double_play","114","136","90.2","-14","7","Pull","0","0.105","1","0","1","90.6","FC","Cutter","1","0","0","0","0","0","0","0"
"150","633725","4b261be6-6dc4-4af4-9929-388c593c21a1","Rosario Amed,",2021-06-12,"9","field_out","114","136","77.6","28","267","Straightaway","0","0.263","1","0","1","95.4","FF","4-Seam Fastball","1","0","0","0","0","0","0","0"
"151","633725","3c7d6289-ef8f-4762-88b3-f7d9882bfc81","Hernandez Cesar,",2021-06-12,"8","walk","114","136","null","null","null","null","null","null","0","0","0","91.7","FC","Cutter","0","0","0","0","0","0","0","1"
"152","633845","67a09932-2a64-417d-91c6-83fac8cdbcbe","Fletcher David,",2021-06-05,"38","single","108","136","94.7","-3","35","Straightaway","0","0.276","1","0","1","85.0","SL","Slider","1","1","1","0","0","0","0","0"
"153","633845","f546b969-00d9-400c-847c-dc7775a695f7","Ward Taylor,",2021-06-05,"37","single","108","136","104.1","14","246","Straightaway","0","0.767","1","1","1","84.2","SL","Slider","1","1","1","0","0","0","0","0"
"154","633845","5f9d2806-9df0-4da7-8aeb-0d58967d9eaa","Lagares Juan,",2021-06-05,"33","field_out","108","136","78.4","34","285","Opposite","0","0.067","1","0","1","87.3","CH","Changeup","1","0","0","0","0","0","0","0"
"155","633845","b6cd4235-b373-4fb5-be2d-7dfb6ab1ebf5","Walsh Jared,",2021-06-05,"32","field_out","108","136","67.8","14","142","Straightaway","0","0.433","1","0","1","96.1","FF","4-Seam Fastball","1","0","0","0","0","0","0","0"
"156","633845","dbbe1c5f-168b-4e5e-952d-25213306f1d7","Stassi Max,",2021-06-05,"31","home_run","108","136","101.9","28","417","Straightaway","1","0.77","1","1","1","93.3","FC","Cutter","1","1","0","0","0","1","0","0"
"157","633845","41bb2d7e-f82c-4883-bfe3-2b1365b371bd","Iglesias Jose,",2021-06-05,"30","strikeout","108","136","null","null","null","null","null","null","1","0","0","88.3","CH","Changeup","1","0","0","0","0","0","1","0"
"158","633845","dcfbde96-9062-4f00-81d4-0f094484294c","Rendon Anthony,",2021-06-05,"21","field_out","108","136","78.9","-1","37","Pull","0","0.136","1","0","1","87.3","CH","Changeup","1","0","0","0","0","0","0","0"
"159","633845","bd982562-09f6-4f9d-9f9f-7ae3ea4194ec","Ohtani Shohei,",2021-06-05,"20","strikeout","108","136","null","null","null","null","null","null","1","0","0","84.4","SL","Slider","1","0","0","0","0","0","1","0"
"160","633845","cfcb57b6-9d43-4b7d-ac17-7b4f2f23efb0","Upton Justin,",2021-06-05,"19","strikeout","108","136","null","null","null","null","null","null","1","0","0","88.9","CH","Changeup","1","0","0","0","0","0","1","0"
"161","633845","cb949559-624f-4d20-82ba-74d4792fdafc","Fletcher David,",2021-06-05,"15","field_out","108","136","80.0","44","243","Pull","0","0.037","1","0","1","83.3","SL","Slider","1","0","0","0","0","0","0","0"
"162","633845","bae33336-3ec1-4ea9-96f9-c7f522545de0","Ward Taylor,",2021-06-05,"14","strikeout","108","136","null","null","null","null","null","null","1","0","0","93.6","FC","Cutter","1","0","0","0","0","0","1","0"
"163","633845","e859716e-cf82-4f22-bb86-a0b3df850e67","Lagares Juan,",2021-06-05,"13","double","108","136","108.6","16","354","Straightaway","1","0.67","1","1","1","92.0","FC","Cutter","1","1","0","1","0","0","0","0"
"164","633845","97ce914e-0bed-4693-997e-345bbb4b27cb","Walsh Jared,",2021-06-05,"12","strikeout","108","136","null","null","null","null","null","null","1","0","0","84.6","SL","Slider","1","0","0","0","0","0","1","0"
"165","633845","27498796-09db-4f98-88d4-d7575a78c2a7","Stassi Max,",2021-06-05,"8","strikeout","108","136","null","null","null","null","null","null","1","0","0","85.3","SL","Slider","1","0","0","0","0","0","1","0"
"166","633845","5f5a261d-f9c8-428f-924f-027b2cd2be5a","Iglesias Jose,",2021-06-05,"7","strikeout","108","136","null","null","null","null","null","null","1","0","0","84.5","SL","Slider","1","0","0","0","0","0","1","0"
"167","633845","bf5ca715-104b-4acf-89ad-4038718ac2bb","Rendon Anthony,",2021-06-05,"6","single","108","136","97.5","14","226","Pull","0","0.847","1","1","1","83.4","SL","Slider","1","1","1","0","0","0","0","0"
"168","633845","f6b9e09d-3234-4243-bc94-d8037a538077","Ohtani Shohei,",2021-06-05,"5","home_run","108","136","112.5","21","436","Straightaway","1","1","1","1","1","94.3","FC","Cutter","1","1","0","0","0","1","0","0"
"169","633845","8bc8704f-2b53-432b-941b-1f387fb296f2","Upton Justin,",2021-06-05,"4","strikeout","108","136","null","null","null","null","null","null","1","0","0","86.7","SL","Slider","1","0","0","0","0","0","1","0"
"170","633968","0c8f22bc-ef34-41ad-8f9d-6e1cad5fd1c2","Lowe Nate,",2021-05-30,"52","walk","140","136","null","null","null","null","null","null","0","0","0","91.1","FC","Cutter","0","0","0","0","0","0","0","1"
"171","633968","deee680e-1fb1-4aa5-be95-721146a2b655","Davis Khris,",2021-05-30,"51","field_out","140","136","103.7","0","50","Pull","0","0.397","1","1","1","83.6","SL","Slider","1","0","0","0","0","0","0","0"
"172","633968","d82558bd-56b9-4c87-a26b-1c7286c59f47","Gallo Joey,",2021-05-30,"50","home_run","140","136","108.0","27","415","Straightaway","1","0.97","1","1","1","91.1","FC","Cutter","1","1","0","0","0","1","0","0"
"173","633968","c0c00ff3-1dd3-4d53-a4f3-587b97fba170","Garcia Adolis,",2021-05-30,"49","field_out","140","136","85.2","44","276","Opposite","0","0.007","1","0","1","87.3","CH","Changeup","1","0","0","0","0","0","0","0"
"174","633968","1cdce44e-e98b-43d1-9c99-1face6f8763e","Solak Nick,",2021-05-30,"48","single","140","136","90.9","18","267","Opposite","0","0.62","1","0","1","82.4","SL","Slider","1","1","1","0","0","0","0","0"
"175","633968","66d7baa1-b9b9-48e9-bed8-ee29f3f9b1a0","Kiner-Falefa Isiah,",2021-05-30,"43","strikeout","140","136","null","null","null","null","null","null","1","0","0","96.7","FF","4-Seam Fastball","1","0","0","0","0","0","1","0"
"176","633968","c44570b3-485e-4354-84d7-65074040fae8","Trevino Jose,",2021-05-30,"42","grounded_into_double_play","140","136","72.9","-37","3","Pull","0","0.048","1","0","1","85.8","CH","Changeup","1","0","0","0","0","0","0","0"
"177","633968","812c26b0-5c1b-428a-b37a-b3d4310cf8ca","Calhoun Willie,",2021-05-30,"41","single","140","136","103.6","-5","22","Pull","0","0.333","1","1","1","81.6","SL","Slider","1","1","1","0","0","0","0","0"
"178","633968","dbc5524f-0180-44ad-97cf-a5574f319218","Culberson Charlie,",2021-05-30,"36","field_out","140","136","81.5","58","187","Opposite","0","0.023","1","0","1","98.5","FF","4-Seam Fastball","1","0","0","0","0","0","0","0"
"179","633968","1890b472-62e4-4e36-aa0d-1340da550602","Lowe Nate,",2021-05-30,"35","strikeout","140","136","null","null","null","null","null","null","1","0","0","97.7","FF","4-Seam Fastball","1","0","0","0","0","0","1","0"
"180","633968","900ae11f-7afa-4976-9c8e-927f1fb57905","Davis Khris,",2021-05-30,"34","field_out","140","136","96.2","40","330","Straightaway","0","0.063","1","1","1","82.6","SL","Slider","1","0","0","0","0","0","0","0"
"181","633968","155e9db6-2685-4589-ab32-71ed4f8f5307","Gallo Joey,",2021-05-30,"28","field_out","140","136","80.2","3","54","Pull","0","0.262","1","0","1","81.6","SL","Slider","1","0","0","0","0","0","0","0"
"182","633968","d3e35628-657b-4d13-ba00-4e9f046fbc34","Garcia Adolis,",2021-05-30,"27","field_error","140","136","87.8","-7","13","Straightaway","0","0.146","1","0","1","92.6","FC","Cutter","1","0","0","0","0","0","0","0"
"183","633968","dabe5132-8f3e-483e-84b8-4c2333b6a644","Solak Nick,",2021-05-30,"26","strikeout","140","136","null","null","null","null","null","null","1","0","0","85.9","SL","Slider","1","0","0","0","0","0","1","0"
"184","633968","7f4071f6-565d-4ef9-af54-0c38e178ccb4","Kiner-Falefa Isiah,",2021-05-30,"25","field_out","140","136","93.3","24","343","Straightaway","0","0.167","1","0","1","89.9","FC","Cutter","1","0","0","0","0","0","0","0"
"185","633968","6e3b55d8-e672-4476-b7d4-678dc6428152","Trevino Jose,",2021-05-30,"19","field_out","140","136","68.3","63","138","Opposite","0","0.013","1","0","1","85.7","SL","Slider","1","0","0","0","0","0","0","0"
"186","633968","065d582c-020e-4071-b819-74a8be593434","Calhoun Willie,",2021-05-30,"18","field_out","140","136","76.6","7","107","Straightaway","0","0.249","1","0","1","92.4","FC","Cutter","1","0","0","0","0","0","0","0"
"187","633968","727a8252-69db-474a-97de-e5011ff0dc34","Culberson Charlie,",2021-05-30,"17","field_out","140","136","76.0","25","239","Opposite","0","0.683","1","0","1","82.4","SL","Slider","1","0","0","0","0","0","0","0"
"188","633968","1cf91d7f-81cc-4e80-a059-d7fe0a8e5d0d","Lowe Nate,",2021-05-30,"12","field_out","140","136","97.9","-5","18","Opposite","0","0.273","1","1","1","92.4","FC","Cutter","1","0","0","0","0","0","0","0"
"189","633968","3b9fde18-4efd-48b0-9d77-f217891d308e","Davis Khris,",2021-05-30,"11","strikeout","140","136","null","null","null","null","null","null","1","0","0","86.2","CH","Changeup","1","0","0","0","0","0","1","0"
"190","633968","6adebb02-1970-436f-8066-2fd774ae04db","Gallo Joey,",2021-05-30,"10","field_out","140","136","90.0","-13","10","Pull","0","0.134","1","0","1","91.5","FC","Cutter","1","0","0","0","0","0","0","0"
"191","633968","6e60f039-98a7-4527-9c51-c37fe62949dd","Garcia Adolis,",2021-05-30,"3","strikeout","140","136","null","null","null","null","null","null","1","0","0","85.3","SL","Slider","1","0","0","0","0","0","1","0"
"192","633968","39fc846c-a779-4331-a661-da35864466f4","Solak Nick,",2021-05-30,"2","field_out","140","136","100.0","24","368","Straightaway","1","0.473","1","1","1","91.4","FC","Cutter","1","0","0","0","0","0","0","0"
"193","633968","dc5f1453-0329-47a9-b38c-9a63c9884913","Kiner-Falefa Isiah,",2021-05-30,"1","field_out","140","136","92.0","4","87","Straightaway","0","0.453","1","0","1","91.9","FC","Cutter","1","0","0","0","0","0","0","0"
"194","633955","eb2e0301-f3d9-4f08-8263-72e1648fb817","Lowrie Jed,",2021-05-24,"53","single","133","136","101.4","-4","21","Pull","0","0.304","1","1","1","91.8","FC","Cutter","1","1","1","0","0","0","0","0"
"195","633955","862d9a31-594d-4fef-a7b4-63b848dc47ab","Olson Matt,",2021-05-24,"49","field_out","133","136","104.6","14","315","Straightaway","0","0.733","1","1","1","96.9","FF","4-Seam Fastball","1","0","0","0","0","0","0","0"
"196","633955","61366ba0-d5b8-4131-b09e-158e0e30aa0f","Laureano Ramon,",2021-05-24,"48","walk","133","136","null","null","null","null","null","null","0","0","0","91.7","FC","Cutter","0","0","0","0","0","0","0","1"
"197","633955","a7957148-8aec-47bd-b769-2e1a51b017a0","Pinder Chad,",2021-05-24,"47","strikeout","133","136","null","null","null","null","null","null","1","0","0","97.6","FF","4-Seam Fastball","1","0","0","0","0","0","1","0"
"198","633955","2bc6c612-852e-42d1-8936-b5ed44ef7627","Canha Mark,",2021-05-24,"46","field_out","133","136","90.8","0","46","Pull","0","0.309","1","0","1","97.8","FF","4-Seam Fastball","1","0","0","0","0","0","0","0"
"199","633955","23215854-2ee2-4abf-a0a0-8bebcba9af09","Andrus Elvis,",2021-05-24,"42","force_out","133","136","76.3","-27","5","Pull","0","0.06","1","0","1","96.5","FF","4-Seam Fastball","1","0","0","0","0","0","0","0"
"200","633955","6732e24d-caf8-4712-992a-6a1ee64b3414","Piscotty Stephen,",2021-05-24,"41","force_out","133","136","101.4","-10","11","Pull","0","0.264","1","1","1","90.4","FC","Cutter","1","0","0","0","0","0","0","0"
"201","633955","2b59f616-89a0-4682-bf88-051ff9c4a05f","Murphy Sean,",2021-05-24,"40","strikeout","133","136","null","null","null","null","null","null","1","0","0","94.9","FF","4-Seam Fastball","1","0","0","0","0","0","1","0"
"202","633955","57ec1e8f-2719-4645-8db1-1ee2159a58a6","Chapman Matt,",2021-05-24,"39","single","133","136","92.3","13","270","Straightaway","0","0.907","1","0","1","87.5","CH","Changeup","1","1","1","0","0","0","0","0"
"203","633955","4031cd19-7bb3-41f2-a0f1-674a853cf66f","Lowrie Jed,",2021-05-24,"32","field_out","133","136","78.4","-3","21","Straightaway","0","0.08","1","0","1","85.3","SL","Slider","1","0","0","0","0","0","0","0"
"204","633955","2e5466b0-6291-4adc-9921-c405f903222c","Olson Matt,",2021-05-24,"31","field_out","133","136","105.4","-5","22","Straightaway","0","0.358","1","1","1","91.8","FC","Cutter","1","0","0","0","0","0","0","0"
"205","633955","51408ccc-a71f-45db-9035-377558013046","Laureano Ramon,",2021-05-24,"30","field_out","133","136","82.3","38","273","Opposite","0","0.02","1","0","1","85.2","CH","Changeup","1","0","0","0","0","0","0","0"
"206","633955","f82edabf-4680-4d26-a1fd-a7d940c6c2b4","Pinder Chad,",2021-05-24,"25","field_out","133","136","93.4","19","330","Opposite","0","0.417","1","0","1","92.2","FC","Cutter","1","0","0","0","0","0","0","0"
"207","633955","f7b1ba90-f906-406f-abfd-a99bcb0a8ce5","Canha Mark,",2021-05-24,"24","home_run","133","136","96.9","31","362","Opposite","0","0.313","1","1","1","97.2","FF","4-Seam Fastball","1","1","0","0","0","1","0","0"
"208","633955","d2dc4f77-23ea-46fc-965d-2a16ef88b669","Andrus Elvis,",2021-05-24,"23","field_out","133","136","69.0","6","83","Straightaway","0","0.235","1","0","1","97.7","FF","4-Seam Fastball","1","0","0","0","0","0","0","0"
"209","633955","75c38920-ff43-4f80-a50f-efd37b4c5f6b","Piscotty Stephen,",2021-05-24,"22","field_out","133","136","92.0","-11","11","Straightaway","0","0.181","1","0","1","95.7","FF","4-Seam Fastball","1","0","0","0","0","0","0","0"
"210","633955","1b470add-8d05-449f-b1a8-d904a78d653d","Murphy Sean,",2021-05-24,"16","field_out","133","136","91.8","-48","1","Straightaway","0","0.067","1","0","1","91.7","FC","Cutter","1","0","0","0","0","0","0","0"
"211","633955","266f4dc3-5c1b-4b8d-b820-202e5aaabf30","Chapman Matt,",2021-05-24,"15","field_out","133","136","91.4","-19","5","Straightaway","0","0.138","1","0","1","91.7","FC","Cutter","1","0","0","0","0","0","0","0"
"212","633955","e2ce3c0c-415a-44cf-9735-f1fea5127d90","Lowrie Jed,",2021-05-24,"14","strikeout","133","136","null","null","null","null","null","null","1","0","0","91.6","FC","Cutter","1","0","0","0","0","0","1","0"
"213","633955","cec9d676-b424-47ab-b311-daedd74b70da","Olson Matt,",2021-05-24,"10","field_out","133","136","81.8","59","181","Opposite","0","0.023","1","0","1","96.1","FF","4-Seam Fastball","1","0","0","0","0","0","0","0"
"214","633955","8a25d24a-0786-45b6-88de-638019dc0b94","Laureano Ramon,",2021-05-24,"9","single","133","136","100.8","-13","9","Straightaway","0","0.23","1","1","1","91.4","FC","Cutter","1","1","1","0","0","0","0","0"
"215","633955","944e3d8e-cdd3-47df-9f82-2cedc2a9da84","Pinder Chad,",2021-05-24,"8","grounded_into_double_play","133","136","86.8","6","102","Pull","0","0.427","1","0","1","92.2","FC","Cutter","1","0","0","0","0","0","0","0"
"216","633955","f42a16f4-dec8-4d92-9493-a1a792f3a9f6","Canha Mark,",2021-05-24,"7","walk","133","136","null","null","null","null","null","null","0","0","0","91.7","FC","Cutter","0","0","0","0","0","0","0","1"
"217","634082","54be95fa-d71b-4151-b97a-1e7c7389d88b","Haase Eric,",2021-05-17,"43","strikeout","116","136","null","null","null","null","null","null","1","0","0","95.3","FF","4-Seam Fastball","1","0","0","0","0","0","1","0"
"218","634082","2e0cfcc7-344d-4219-850f-3d7cb94d3c0b","Ramos Wilson,",2021-05-17,"42","field_out","116","136","73.1","67","136","Opposite","0","0.007","1","0","1","84.1","SL","Slider","1","0","0","0","0","0","0","0"
"219","634082","78b2e8be-c895-473c-936d-8b7f33e1f01c","Goodrum Niko,",2021-05-17,"41","walk","116","136","null","null","null","null","null","null","0","0","0","96.3","FF","4-Seam Fastball","0","0","0","0","0","0","0","1"
"220","634082","d52dfa8e-255c-42ca-ae5d-27aae8cdccb8","Cabrera Miguel,",2021-05-17,"40","field_out","116","136","86.8","-41","3","Pull","0","0.049","1","0","1","96.0","FF","4-Seam Fastball","1","0","0","0","0","0","0","0"
"221","634082","5df9e018-94bc-4e4f-bf79-3f83763d22ff","Candelario Jeimer,",2021-05-17,"35","field_out","116","136","103.9","36","367","Straightaway","1","0.527","1","1","1","96.0","FF","4-Seam Fastball","1","0","0","0","0","0","0","0"
"222","634082","403369ec-a3f8-452c-ad4b-00eb093b4903","Schoop Jonathan,",2021-05-17,"34","strikeout","116","136","null","null","null","null","null","null","1","0","0","96.3","FF","4-Seam Fastball","1","0","0","0","0","0","1","0"
"223","634082","110a05e7-da42-4a00-923d-cf6caff1640c","Grossman Robbie,",2021-05-17,"33","strikeout","116","136","null","null","null","null","null","null","1","0","0","95.5","FF","4-Seam Fastball","1","0","0","0","0","0","1","0"
"224","634082","12816fef-14d8-4f6c-9ab5-1435991e1c56","Rogers Jake,",2021-05-17,"28","field_out","116","136","87.6","38","311","Straightaway","0","0.013","1","0","1","81.5","SL","Slider","1","0","0","0","0","0","0","0"
"225","634082","36e6cdd3-593c-46bf-8bf7-b28bdf252877","Jones JaCoby,",2021-05-17,"27","field_out","116","136","96.8","21","327","Pull","0","0.297","1","1","1","94.2","FF","4-Seam Fastball","1","0","0","0","0","0","0","0"
"226","634082","c493102a-947b-4867-ae58-a38b6c4354f6","Haase Eric,",2021-05-17,"26","field_out","116","136","101.0","46","296","Pull","0","0.033","1","1","1","81.3","SL","Slider","1","0","0","0","0","0","0","0"
"227","634082","f68d97e3-7002-4435-9207-04aee0549ff5","Ramos Wilson,",2021-05-17,"22","field_out","116","136","77.0","-19","5","Pull","0","0.042","1","0","1","87.2","CH","Changeup","1","0","0","0","0","0","0","0"
"228","634082","701983ff-10f7-4a77-8320-01e74264ed3d","Goodrum Niko,",2021-05-17,"21","strikeout","116","136","null","null","null","null","null","null","1","0","0","83.4","SL","Slider","1","0","0","0","0","0","1","0"
"229","634082","22980e34-34ed-47d1-8109-8659ea95b943","Cabrera Miguel,",2021-05-17,"20","strikeout","116","136","null","null","null","null","null","null","1","0","0","90.7","FC","Cutter","1","0","0","0","0","0","1","0"
"230","634082","d4b0920c-850e-41dd-96cd-fbb9d26a8ad5","Candelario Jeimer,",2021-05-17,"16","strikeout","116","136","null","null","null","null","null","null","1","0","0","80.8","SL","Slider","1","0","0","0","0","0","1","0"
"231","634082","98542dbc-10bb-4fd4-b5e4-7139dbe1f9a3","Schoop Jonathan,",2021-05-17,"15","home_run","116","136","103.8","25","386","Opposite","1","0.893","1","1","1","94.0","FF","4-Seam Fastball","1","1","0","0","0","1","0","0"
"232","634082","7f30568c-eff8-4137-adf9-dd627bd5d0f5","Grossman Robbie,",2021-05-17,"14","walk","116","136","null","null","null","null","null","null","0","0","0","91.2","FC","Cutter","0","0","0","0","0","0","0","1"
"233","634082","53d02ce0-d0f8-4124-8cd9-5aefb1d720b5","Rogers Jake,",2021-05-17,"13","field_out","116","136","106.1","4","81","Straightaway","0","0.553","1","1","1","92.1","FC","Cutter","1","0","0","0","0","0","0","0"
"234","634082","ddb2695b-a1c0-4e27-aed0-7ea54b12df3e","Jones JaCoby,",2021-05-17,"12","field_out","116","136","97.2","17","287","Opposite","0","0.517","1","1","1","83.8","SL","Slider","1","0","0","0","0","0","0","0"
"235","634082","891cdfe8-5810-40de-adf3-58bba3cd7a47","Haase Eric,",2021-05-17,"11","home_run","116","136","108.9","25","429","Straightaway","1","0.977","1","1","1","90.0","FC","Cutter","1","1","0","0","0","1","0","0"
"236","634082","8dce9a84-3fa8-4f9c-98d1-08fbb8efa025","Ramos Wilson,",2021-05-17,"6","strikeout","116","136","null","null","null","null","null","null","1","0","0","86.6","CH","Changeup","1","0","0","0","0","0","1","0"
"237","634082","ed206d5f-1d11-45c5-93b9-b330259b7dc3","Goodrum Niko,",2021-05-17,"5","walk","116","136","null","null","null","null","null","null","0","0","0","91.4","FC","Cutter","0","0","0","0","0","0","0","1"
"238","634082","f155f66b-d3c6-422f-b4e4-d234816d139d","Cabrera Miguel,",2021-05-17,"4","walk","116","136","null","null","null","null","null","null","0","0","0","90.4","FC","Cutter","0","0","0","0","0","0","0","1"
"239","634082","844ea4b4-e6e9-4670-ab3d-81fd49daec2f","Candelario Jeimer,",2021-05-17,"3","single","116","136","73.1","19","211","Straightaway","0","0.933","1","0","1","84.3","SL","Slider","1","1","1","0","0","0","0","0"
"240","634082","0dd5986a-348c-4f6b-847b-5c97f05c6de8","Schoop Jonathan,",2021-05-17,"2","field_out","116","136","107.5","10","186","Pull","0","0.787","1","1","1","91.9","FC","Cutter","1","0","0","0","0","0","0","0"
"241","634082","0609ed6b-ff73-42ed-a270-671b16abddcc","Grossman Robbie,",2021-05-17,"1","strikeout","116","136","null","null","null","null","null","null","1","0","0","95.4","FF","4-Seam Fastball","1","0","0","0","0","0","1","0"
"242","634142","2ab81aef-4100-4679-a1b0-9f32d9e4fede","Lux Gavin,",2021-05-11,"51","single","119","136","74.7","-42","2","Straightaway","0","0.095","1","0","1","82.4","SL","Slider","1","1","1","0","0","0","0","0"
"243","634142","a4566ca3-56f8-4390-8718-a187a8655e9b","Neuse Sheldon,",2021-05-11,"50","strikeout","119","136","null","null","null","null","null","null","1","0","0","86.8","CH","Changeup","1","0","0","0","0","0","1","0"
"244","634142","d5d9532a-3df7-4d5e-a382-2cd25ad82b64","Taylor Chris,",2021-05-11,"49","single","119","136","95.2","15","253","Straightaway","0","0.76","1","1","1","96.4","FF","4-Seam Fastball","1","1","1","0","0","0","0","0"
"245","634142","27fa0df1-e4b0-4a53-9283-30a3a490e437","Muncy Max,",2021-05-11,"45","strikeout","119","136","null","null","null","null","null","null","1","0","0","90.5","FC","Cutter","1","0","0","0","0","0","1","0"
"246","634142","982a8ad3-310b-4c14-acf1-4d1acdb6df9d","Smith Will,",2021-05-11,"44","field_out","119","136","76.4","34","265","Straightaway","0","0.167","1","0","1","90.9","FC","Cutter","1","0","0","0","0","0","0","0"
"247","634142","e4f60045-9531-4e5a-b618-065b9c327229","Turner Justin,",2021-05-11,"43","strikeout","119","136","null","null","null","null","null","null","1","0","0","87.7","CH","Changeup","1","0","0","0","0","0","1","0"
"248","634142","c865b5e7-1d9b-483c-8ca4-2f1c16c3210d","Seager Corey,",2021-05-11,"38","field_out","119","136","101.1","21","342","Straightaway","0","0.453","1","1","1","92.3","FC","Cutter","1","0","0","0","0","0","0","0"
"249","634142","cb8b283d-2fb2-4250-b310-aca7026fd8fe","Betts Mookie,",2021-05-11,"37","double","119","136","105.0","7","124","Pull","0","0.627","1","1","1","92.4","FC","Cutter","1","1","0","1","0","0","0","0"
"250","634142","3101b1ff-3c9f-48ba-be43-221c8c48ed07","Buehler Walker,",2021-05-11,"36","strikeout","119","136","null","null","null","null","null","null","1","0","0","92.0","FC","Cutter","1","0","0","0","0","0","1","0"
"251","634142","7ae072af-8106-4d47-b6d5-d4a93bd7ca58","Lux Gavin,",2021-05-11,"35","strikeout","119","136","null","null","null","null","null","null","1","0","0","83.7","SL","Slider","1","0","0","0","0","0","1","0"
"252","634142","90d44ba3-dc41-48c3-bfcf-92b914684086","Neuse Sheldon,",2021-05-11,"31","strikeout","119","136","null","null","null","null","null","null","1","0","0","97.9","FF","4-Seam Fastball","1","0","0","0","0","0","1","0"
"253","634142","c199ca0d-070c-4aa1-abe0-2ca2ae713d90","Taylor Chris,",2021-05-11,"30","triple","119","136","102.4","25","361","Opposite","1","0.723","1","1","1","82.1","SL","Slider","1","1","0","0","1","0","0","0"
"254","634142","bea6b2c5-7987-4f8d-a926-a2c3fe793afc","Muncy Max,",2021-05-11,"29","home_run","119","136","110.7","26","433","Straightaway","1","0.987","1","1","1","92.1","FC","Cutter","1","1","0","0","0","1","0","0"
"255","634142","5f561ebc-3c04-4b23-828b-5b4fcfdbeddf","Smith Will,",2021-05-11,"28","field_out","119","136","102.1","-7","12","Pull","0","0.313","1","1","1","92.6","FC","Cutter","1","0","0","0","0","0","0","0"
"256","634142","ffa109d2-d241-4d42-89af-6e629f3b3526","Turner Justin,",2021-05-11,"27","strikeout","119","136","null","null","null","null","null","null","1","0","0","92.0","FC","Cutter","1","0","0","0","0","0","1","0"
"257","634142","cf616928-1325-4b21-84c0-ef60acb252cf","Seager Corey,",2021-05-11,"21","strikeout","119","136","null","null","null","null","null","null","1","0","0","92.4","FC","Cutter","1","0","0","0","0","0","1","0"
"258","634142","73933a27-d5c2-4875-9d34-88f6e4343bb2","Betts Mookie,",2021-05-11,"20","field_out","119","136","77.9","-9","15","Pull","0","0.095","1","0","1","92.5","FC","Cutter","1","0","0","0","0","0","0","0"
"259","634142","f6413165-544b-46c1-9e08-0f5618b186e7","Buehler Walker,",2021-05-11,"19","strikeout","119","136","null","null","null","null","null","null","1","0","0","83.8","SL","Slider","1","0","0","0","0","0","1","0"
"260","634142","e5b624ff-d7c9-443e-8289-97951070b25e","Lux Gavin,",2021-05-11,"15","field_out","119","136","84.5","23","274","Pull","0","0.277","1","0","1","84.6","SL","Slider","1","0","0","0","0","0","0","0"
"261","634142","e7d4b68c-02be-4f94-bfca-a969189d050f","Neuse Sheldon,",2021-05-11,"14","field_out","119","136","95.5","43","324","Opposite","0","0.017","1","1","1","91.4","FC","Cutter","1","0","0","0","0","0","0","0"
"262","634142","b787cec4-ccc3-4a06-b53d-fd40eb1fd7ca","Taylor Chris,",2021-05-11,"13","strikeout","119","136","null","null","null","null","null","null","1","0","0","96.0","FF","4-Seam Fastball","1","0","0","0","0","0","1","0"
"263","634142","a47888ea-1c26-46c1-bbac-dd5943227a88","Muncy Max,",2021-05-11,"12","walk","119","136","null","null","null","null","null","null","0","0","0","91.8","FC","Cutter","0","0","0","0","0","0","0","1"
"264","634142","040077e9-f564-4053-8431-4397d683125e","Smith Will,",2021-05-11,"11","single","119","136","74.6","19","213","Straightaway","0","0.947","1","0","1","85.3","CH","Changeup","1","1","1","0","0","0","0","0"
"265","634142","f9ce3598-6fef-4c2a-ac9a-587a6284c018","Turner Justin,",2021-05-11,"7","strikeout","119","136","null","null","null","null","null","null","1","0","0","96.6","FF","4-Seam Fastball","1","0","0","0","0","0","1","0"
"266","634142","1f29d8ea-2750-4229-8be8-2f94ae359acf","Seager Corey,",2021-05-11,"6","field_out","119","136","100.3","2","63","Pull","0","0.443","1","1","1","93.3","FC","Cutter","1","0","0","0","0","0","0","0"
"267","634142","fdb7b7f7-ccae-4462-9140-c8edf845eb4d","Betts Mookie,",2021-05-11,"5","field_out","119","136","96.4","-13","9","Pull","0","0.182","1","1","1","91.0","FC","Cutter","1","0","0","0","0","0","0","0"
"268","634220","cd8626cc-9819-4543-91e4-961979d23ead","Stewart DJ,",2021-05-05,"44","field_out","110","136","107.4","0","48","Pull","0","0.487","1","1","1","96.4","FF","4-Seam Fastball","1","0","0","0","0","0","0","0"
"269","634220","472f5954-5d9d-4d1a-84ab-b297f58f6ea9","Valaika Pat,",2021-05-05,"43","home_run","110","136","109.3","22","367","Pull","1","0.933","1","1","1","91.6","FC","Cutter","1","1","0","0","0","1","0","0"
"270","634220","de65b4ca-8b0b-4a78-b48b-964f1d56afea","Mountcastle Ryan,",2021-05-05,"42","strikeout","110","136","null","null","null","null","null","null","1","0","0","85.7","SL","Slider","1","0","0","0","0","0","1","0"
"271","634220","e7cb67f1-04dc-4467-8046-a4ad61789426","Franco Maikel,",2021-05-05,"41","strikeout","110","136","null","null","null","null","null","null","1","0","0","86.6","CH","Changeup","1","0","0","0","0","0","1","0"
"272","634220","d6431fed-361a-4cc2-80a8-70a3db4eaa08","Severino Pedro,",2021-05-05,"37","field_out","110","136","92.0","-12","9","Pull","0","0.147","1","0","1","87.8","CH","Changeup","1","0","0","0","0","0","0","0"
"273","634220","7f5b3548-10d8-497b-9f2a-6cda12891e5d","Mancini III Trey,",2021-05-05,"36","field_out","110","136","91.4","21","315","Straightaway","0","0.273","1","0","1","88.2","CH","Changeup","1","0","0","0","0","0","0","0"
"274","634220","ba59cd26-7eae-4621-bd81-1e5ef62ac70c","Hays Austin,",2021-05-05,"35","field_out","110","136","89.6","-28","5","Pull","0","0.086","1","0","1","91.8","FC","Cutter","1","0","0","0","0","0","0","0"
"275","634220","28a98aed-5df6-4b1a-9ba9-4350256cd4aa","Mullins II Cedric,",2021-05-05,"31","strikeout","110","136","null","null","null","null","null","null","1","0","0","84.3","SL","Slider","1","0","0","0","0","0","1","0"
"276","634220","13a40150-cd03-45b6-85e0-8b62542b2f97","Urias Ramon,",2021-05-05,"30","strikeout","110","136","null","null","null","null","null","null","1","0","0","86.9","CH","Changeup","1","0","0","0","0","0","1","0"
"277","634220","355ef2e9-71a6-4b8b-b48e-bbb91e6b4430","Stewart DJ,",2021-05-05,"29","strikeout","110","136","null","null","null","null","null","null","1","0","0","93.0","FC","Cutter","1","0","0","0","0","0","1","0"
"278","634220","9723de8f-2c26-4ecd-bbaa-5e4df56e3225","Valaika Pat,",2021-05-05,"28","single","110","136","99.0","0","52","Pull","0","0.42","1","1","1","92.8","FC","Cutter","1","1","1","0","0","0","0","0"
"279","634220","5a185ac7-3c3b-4c63-a12e-be430008a894","Mountcastle Ryan,",2021-05-05,"24","strikeout","110","136","null","null","null","null","null","null","1","0","0","87.8","CH","Changeup","1","0","0","0","0","0","1","0"
"280","634220","1ce22c8d-a612-4062-ae27-68a67423ce1a","Franco Maikel,",2021-05-05,"23","field_out","110","136","105.6","-19","6","Straightaway","0","0.137","1","1","1","91.6","FC","Cutter","1","0","0","0","0","0","0","0"
"281","634220","56734a9f-ea83-4901-babe-3e91cb42d640","Severino Pedro,",2021-05-05,"22","field_out","110","136","105.7","-10","12","Straightaway","0","0.292","1","1","1","84.3","SL","Slider","1","0","0","0","0","0","0","0"
"282","634220","f9c8e200-7aa3-4103-b3a0-33ec77a766e5","Mancini III Trey,",2021-05-05,"18","field_out","110","136","92.4","-15","8","Pull","0","0.118","1","0","1","92.8","FC","Cutter","1","0","0","0","0","0","0","0"
"283","634220","c9234088-94ab-4c0b-8483-59eb14dd9926","Hays Austin,",2021-05-05,"17","field_out","110","136","86.4","-25","5","Opposite","0","0.092","1","0","1","85.9","CH","Changeup","1","0","0","0","0","0","0","0"
"284","634220","b0ae523c-cc5e-47ef-acf4-920a8fe42585","Mullins II Cedric,",2021-05-05,"16","field_out","110","136","50.2","-80","0","Pull","0","0.143","1","0","1","90.9","FC","Cutter","1","0","0","0","0","0","0","0"
"285","634220","3cf55cd6-9643-4623-a9bf-166350f4c026","Urias Ramon,",2021-05-05,"12","single","110","136","105.6","9","181","Pull","0","0.717","1","1","1","84.2","SL","Slider","1","1","1","0","0","0","0","0"
"286","634220","d252d2bb-28bd-4d0e-b9ce-c0437a11424e","Stewart DJ,",2021-05-05,"11","single","110","136","90.0","-19","5","Straightaway","0","0.115","1","0","1","97.3","FF","4-Seam Fastball","1","1","1","0","0","0","0","0"
"287","634220","2731d9ca-290f-401c-898d-403357f5edc9","Valaika Pat,",2021-05-05,"10","strikeout","110","136","null","null","null","null","null","null","1","0","0","85.4","SL","Slider","1","0","0","0","0","0","1","0"
"288","634220","de6995bb-1897-4ff4-8879-3a846ecad7b3","Mountcastle Ryan,",2021-05-05,"9","force_out","110","136","94.1","-16","7","Pull","0","0.116","1","0","1","84.1","SL","Slider","1","0","0","0","0","0","0","0"
"289","634220","dc6d6c38-0ad7-4373-8d62-41b0b5da7ac6","Franco Maikel,",2021-05-05,"8","single","110","136","77.0","15","182","Pull","0","0.7","1","0","1","90.2","FC","Cutter","1","1","1","0","0","0","0","0"
"290","634220","5383aeb6-6962-4f4a-9928-2d302c596fc8","Severino Pedro,",2021-05-05,"4","field_out","110","136","60.5","-83","0","Straightaway","0","0.162","1","0","1","92.2","FC","Cutter","1","0","0","0","0","0","0","0"
"291","634220","5408fa7c-4d96-409d-8568-22ec9b1d7124","Mancini III Trey,",2021-05-05,"3","walk","110","136","null","null","null","null","null","null","0","0","0","91.4","FC","Cutter","0","0","0","0","0","0","0","1"
"292","634220","b8dd799f-002a-4727-bc6e-b4e55388fb03","Hays Austin,",2021-05-05,"2","field_out","110","136","76.8","-20","9","Pull","0","0.071","1","0","1","83.6","SL","Slider","1","0","0","0","0","0","0","0"
"293","634220","3c74508f-88df-46ac-ad80-86804f8cb528","Mullins II Cedric,",2021-05-05,"1","field_out","110","136","79.4","87","51","Pull","0","0.003","1","0","1","94.6","FF","4-Seam Fastball","1","0","0","0","0","0","0","0"
"294","634353","719750ee-7e52-41c8-b13f-c5bba68687a7","Diaz Aledmys,",2021-04-29,"49","field_out","117","136","91.9","-18","6","Pull","0","0.119","1","0","1","92.7","FC","Cutter","1","0","0","0","0","0","0","0"
"295","634353","fc6d1e5c-27d0-4859-b17b-c8896fb3c2cc","Gurriel Yuli,",2021-04-29,"48","field_out","117","136","77.6","-80","0","Straightaway","0","0.289","1","0","1","92.4","FC","Cutter","1","0","0","0","0","0","0","0"
"296","634353","38d51a6e-f98c-424e-85c8-4f2bac22f086","Correa Carlos,",2021-04-29,"47","double","117","136","107.5","12","318","Opposite","0","0.873","1","1","1","93.0","FC","Cutter","1","1","0","1","0","0","0","0"
"297","634353","91ae92cc-4b68-48c5-8130-c82d27700b5c","Bregman Alex,",2021-04-29,"46","strikeout","117","136","null","null","null","null","null","null","1","0","0","91.8","FC","Cutter","1","0","0","0","0","0","1","0"
"298","634353","7f2e4b32-4e37-4f4f-ab59-f6369d856da8","Altuve Jose,",2021-04-29,"40","strikeout","117","136","null","null","null","null","null","null","1","0","0","83.7","SL","Slider","1","0","0","0","0","0","1","0"
"299","634353","ea850dd8-5e12-4c1f-9027-b973b9159806","Castro Jason,",2021-04-29,"39","strikeout","117","136","null","null","null","null","null","null","1","0","0","91.5","FC","Cutter","1","0","0","0","0","0","1","0"
"300","634353","affd85a3-a4c1-4c51-980e-3eebb8c9b222","Straw Myles,",2021-04-29,"38","strikeout","117","136","null","null","null","null","null","null","1","0","0","84.0","SL","Slider","1","0","0","0","0","0","1","0"
"301","634353","5e061099-b671-49bc-b931-108102faf209","McCormick Chas,",2021-04-29,"34","field_out","117","136","81.3","-32","3","Pull","0","0.058","1","0","1","92.7","FC","Cutter","1","0","0","0","0","0","0","0"
"302","634353","42283112-a5d5-4048-8462-125c9c100400","Jones Taylor,",2021-04-29,"33","field_out","117","136","null","null","null","Pull","0","null","1","0","1","91.7","FC","Cutter","1","0","0","0","0","0","0","0"
"303","634353","556d99e4-527c-4dd3-98cf-00261c560b9b","Diaz Aledmys,",2021-04-29,"32","field_out","117","136","97.8","47","307","Pull","0","0.013","1","1","1","90.8","FC","Cutter","1","0","0","0","0","0","0","0"
"304","634353","f2cc8c9a-795b-4726-94e7-cc229f518610","Gurriel Yuli,",2021-04-29,"28","field_out","117","136","77.6","-47","3","Straightaway","0","0.133","1","0","1","86.6","CH","Changeup","1","0","0","0","0","0","0","0"
"305","634353","4472537e-c4e5-4b9e-b6a5-b73c08618760","Correa Carlos,",2021-04-29,"27","field_out","117","136","76.6","-1","34","Straightaway","0","0.116","1","0","1","86.4","CH","Changeup","1","0","0","0","0","0","0","0"
"306","634353","265139d2-6b8a-4263-8e2d-5d564f2bb63d","Bregman Alex,",2021-04-29,"26","field_out","117","136","87.8","53","250","Opposite","0","0.013","1","0","1","91.8","FC","Cutter","1","0","0","0","0","0","0","0"
"307","634353","bc20f2f9-d139-46bf-842c-1cc4157c8228","Altuve Jose,",2021-04-29,"21","field_out","117","136","96.2","-1","32","Straightaway","0","0.363","1","1","1","82.3","SL","Slider","1","0","0","0","0","0","0","0"
"308","634353","dabfc8b7-ba99-4a69-8679-89bf5a3d60c4","Castro Jason,",2021-04-29,"20","strikeout","117","136","null","null","null","null","null","null","1","0","0","93.4","FC","Cutter","1","0","0","0","0","0","1","0"
"309","634353","e7c708e0-7327-469b-b402-82f2ea81ddf4","Straw Myles,",2021-04-29,"19","walk","117","136","null","null","null","null","null","null","0","0","0","91.7","FC","Cutter","0","0","0","0","0","0","0","1"
"310","634353","a7d88f34-b471-4b4b-b541-73dd4fb29101","McCormick Chas,",2021-04-29,"18","strikeout","117","136","null","null","null","null","null","null","1","0","0","91.4","FC","Cutter","1","0","0","0","0","0","1","0"
"311","634353","2ac2f361-1cb0-431a-a7fd-ea0e7d0ed37d","Jones Taylor,",2021-04-29,"13","field_out","117","136","76.0","-15","7","Pull","0","0.041","1","0","1","85.8","CH","Changeup","1","0","0","0","0","0","0","0"
"312","634353","79012ef2-b9af-455d-a14b-5e31cf8b25d1","Diaz Aledmys,",2021-04-29,"12","field_out","117","136","91.1","1","53","Pull","0","0.381","1","0","1","92.2","FC","Cutter","1","0","0","0","0","0","0","0"
"313","634353","979bc60e-2e53-4df0-8dd4-1a981435dffe","Gurriel Yuli,",2021-04-29,"11","field_out","117","136","94.7","-15","7","Straightaway","0","0.14","1","0","1","83.6","SL","Slider","1","0","0","0","0","0","0","0"
"314","634353","cbac82e5-74b5-42c8-b51f-8fb11e066e07","Correa Carlos,",2021-04-29,"7","grounded_into_double_play","117","136","102.4","-19","5","Straightaway","0","0.166","1","1","1","92.7","FC","Cutter","1","0","0","0","0","0","0","0"
"315","634353","c23b14a5-77a0-4eac-b0f7-f949453498cd","Bregman Alex,",2021-04-29,"6","walk","117","136","null","null","null","null","null","null","0","0","0","94.6","FF","4-Seam Fastball","0","0","0","0","0","0","0","1"
"316","634353","c439b1ae-2e6f-4a67-a6bb-2f1a9d5f1cbb","Altuve Jose,",2021-04-29,"5","strikeout","117","136","null","null","null","null","null","null","1","0","0","83.9","SL","Slider","1","0","0","0","0","0","1","0"
"317","634386","8cf8b04b-34a8-4bbc-9370-b74495078098","Bogaerts Xander,",2021-04-23,"45","single","111","136","81.0","13","198","Straightaway","0","0.653","1","0","1","95.0","FF","4-Seam Fastball","1","1","1","0","0","0","0","0"
"318","634386","f8af7947-e7a9-46e3-856d-348e78fc3e88","Martinez J.D.,",2021-04-23,"44","grounded_into_double_play","111","136","79.8","3","63","Pull","0","0.241","1","0","1","91.7","FC","Cutter","1","0","0","0","0","0","0","0"
"319","634386","c94a6b90-42be-405c-9f4a-277e788ce528","Verdugo Alex,",2021-04-23,"43","single","111","136","106.8","-1","40","Opposite","0","0.46","1","1","1","91.6","FC","Cutter","1","1","1","0","0","0","0","0"
"320","634386","129511d6-8183-4498-aca7-b207e4facb5d","Hernandez Enrique,",2021-04-23,"42","walk","111","136","null","null","null","null","null","null","0","0","0","89.2","FC","Cutter","0","0","0","0","0","0","0","1"
"321","634386","4048be28-bfaf-40a0-ae00-3cdd30cbe779","Dalbec Bobby,",2021-04-23,"41","single","111","136","97.1","11","189","Straightaway","0","0.86","1","1","1","84.3","SL","Slider","1","1","1","0","0","0","0","0"
"322","634386","ff9370a4-5c14-441f-9c6c-b41f3fa37916","Renfroe Hunter,",2021-04-23,"36","field_out","111","136","87.4","9","149","Straightaway","0","0.507","1","0","1","86.8","CH","Changeup","1","0","0","0","0","0","0","0"
"323","634386","a4448fe4-0118-4009-b4f1-9a5c19f200b3","Arroyo Christian,",2021-04-23,"35","field_out","111","136","64.3","-2","19","Opposite","0","0.102","1","0","1","87.0","CH","Changeup","1","0","0","0","0","0","0","0"
"324","634386","a79a3a98-79e1-4d83-a857-25d4b0b8a112","Vazquez Christian,",2021-04-23,"34","field_out","111","136","89.7","-45","2","Pull","0","0.067","1","0","1","90.2","FC","Cutter","1","0","0","0","0","0","0","0"
"325","634386","7ac33f68-6a41-41bc-aeeb-bc84fa0c0a4f","Devers Rafael,",2021-04-23,"27","field_out","111","136","63.2","15","132","Straightaway","0","0.303","1","0","1","83.8","SL","Slider","1","0","0","0","0","0","0","0"
"326","634386","17df8706-779a-49ff-9c94-b48c2a8d7d9a","Bogaerts Xander,",2021-04-23,"26","field_out","111","136","81.5","-37","2","Pull","0","0.071","1","0","1","92.7","FC","Cutter","1","0","0","0","0","0","0","0"
"327","634386","fd317ece-040f-42dd-9984-b7654fc8a8e6","Martinez J.D.,",2021-04-23,"25","home_run","111","136","98.2","35","343","Opposite","0","0.233","1","1","1","84.1","SL","Slider","1","1","0","0","0","1","0","0"
"328","634386","ac53d2ce-52e0-471b-887d-161963e82b60","Verdugo Alex,",2021-04-23,"24","field_out","111","136","79.4","-39","2","Pull","0","0.075","1","0","1","91.5","FC","Cutter","1","0","0","0","0","0","0","0"
"329","634386","021301df-20b5-49c1-a38f-eb780b62686c","Hernandez Enrique,",2021-04-23,"20","field_out","111","136","96.0","-2","25","Pull","0","0.302","1","1","1","84.1","SL","Slider","1","0","0","0","0","0","0","0"
"330","634386","5b79fe6b-2eae-4b9c-b258-a15e24142b68","Dalbec Bobby,",2021-04-23,"19","walk","111","136","null","null","null","null","null","null","0","0","0","92.5","FC","Cutter","0","0","0","0","0","0","0","1"
"331","634386","74d91277-e8a7-4ed3-b246-73b24c4954bb","Renfroe Hunter,",2021-04-23,"18","walk","111","136","null","null","null","null","null","null","0","0","0","92.1","FC","Cutter","0","0","0","0","0","0","0","1"
"332","634386","ba9884db-28a1-40d4-9bae-ee857f5d0313","Arroyo Christian,",2021-04-23,"17","strikeout","111","136","null","null","null","null","null","null","1","0","0","95.2","FF","4-Seam Fastball","1","0","0","0","0","0","1","0"
"333","634386","78e64241-e18f-4d58-9169-db2f271e80c8","Vazquez Christian,",2021-04-23,"16","field_out","111","136","102.7","-10","13","Pull","0","0.27","1","1","1","91.2","FC","Cutter","1","0","0","0","0","0","0","0"
"334","634386","ed24f913-bdc5-4d89-914e-c9cfd0d5efa1","Devers Rafael,",2021-04-23,"10","field_out","111","136","110.9","13","298","Opposite","1","0.83","1","1","1","90.6","FC","Cutter","1","0","0","0","0","0","0","0"
"335","634386","73ce27fe-ab58-43cc-a0f2-ad920cdfdea0","Bogaerts Xander,",2021-04-23,"9","home_run","111","136","100.3","33","409","Pull","1","0.373","1","1","1","82.0","SL","Slider","1","1","0","0","0","1","0","0"
"336","634386","ad3b57cc-5ba2-4351-bb2e-6adc6154d4cb","Martinez J.D.,",2021-04-23,"8","field_out","111","136","93.8","45","294","Straightaway","0","0.003","1","0","1","84.5","SL","Slider","1","0","0","0","0","0","0","0"
"337","634386","c4c10b1c-4fd1-4774-aa5d-ab510b6c5a81","Verdugo Alex,",2021-04-23,"7","single","111","136","101.5","12","227","Opposite","0","0.897","1","1","1","90.2","FC","Cutter","1","1","1","0","0","0","0","0"
"338","634386","be6f30f1-83c8-4ba0-b4ce-5e1c4f09370b","Hernandez Enrique,",2021-04-23,"6","field_out","111","136","104.6","-1","45","Opposite","0","0.383","1","1","1","90.8","FC","Cutter","1","0","0","0","0","0","0","0"
"339","634517","ce676421-a965-44e7-87b5-675554ae1838","Brantley Jr. Michael,",2021-04-16,"54","field_out","117","136","98.9","8","160","Pull","0","0.643","1","1","1","94.5","FF","4-Seam Fastball","1","0","0","0","0","0","0","0"
"340","634517","29e6a13a-671c-46c3-a700-6c6bb58a1421","Diaz Aledmys,",2021-04-16,"53","single","117","136","98.3","8","148","Straightaway","0","0.65","1","1","1","83.4","SL","Slider","1","1","1","0","0","0","0","0"
"341","634517","116bacb2-86b6-45b6-8f66-7e5338fbc34e","Straw Myles,",2021-04-16,"52","strikeout","117","136","null","null","null","null","null","null","1","0","0","95.7","FF","4-Seam Fastball","1","0","0","0","0","0","1","0"
"342","634517","048380a5-48e8-4518-b3af-47ebe058a829","Castro Jason,",2021-04-16,"51","walk","117","136","null","null","null","null","null","null","0","0","0","88.9","FC","Cutter","0","0","0","0","0","0","0","1"
"343","634517","89490f8f-80ee-4029-afe8-af7280b3909e","McCormick Chas,",2021-04-16,"50","field_out","117","136","91.3","48","268","Opposite","0","0.013","1","0","1","79.7","SL","Slider","1","0","0","0","0","0","0","0"
"344","634517","0b96ae9d-0fb6-4475-87b7-63ee982903e9","De Goti Alex,",2021-04-16,"49","single","117","136","68.6","28","233","Straightaway","0","0.913","1","0","1","82.4","SL","Slider","1","1","1","0","0","0","0","0"
"345","634517","85311652-2d7b-466d-b406-f2cc3e0cbff1","Jones Taylor,",2021-04-16,"48","single","117","136","105.2","6","115","Pull","0","0.593","1","1","1","88.7","FC","Cutter","1","1","1","0","0","0","0","0"
"346","634517","32fca607-a48e-4227-86b5-d636ebeacfbb","Correa Carlos,",2021-04-16,"41","field_out","117","136","86.3","-16","6","Straightaway","0","0.098","1","0","1","82.6","SL","Slider","1","0","0","0","0","0","0","0"
"347","634517","3f7864e6-cb71-4421-bfb3-24e7bbc568c7","Gurriel Yuli,",2021-04-16,"40","field_out","117","136","82.2","24","291","Pull","0","0.357","1","0","1","86.8","CH","Changeup","1","0","0","0","0","0","0","0"
"348","634517","61b7056e-db0f-44ce-b6ba-7778754985f3","Brantley Jr. Michael,",2021-04-16,"39","field_out","117","136","90.4","64","175","Pull","0","0.013","1","0","1","89.5","FC","Cutter","1","0","0","0","0","0","0","0"
"349","634517","dcb1be9d-69aa-47c0-ae2e-32e620818054","Diaz Aledmys,",2021-04-16,"38","hit_by_pitch","117","136","null","null","null","null","null","null","0","0","0","95.6","FF","4-Seam Fastball","0","0","0","0","0","0","0","0"
"350","634517","835a4dde-f9f9-4639-9483-9c8ae41c9af2","Straw Myles,",2021-04-16,"34","field_out","117","136","62.5","-24","4","Pull","0","0.079","1","0","1","84.0","SL","Slider","1","0","0","0","0","0","0","0"
"351","634517","ecde09e7-a9f9-4aad-980a-84c23a6b4218","Castro Jason,",2021-04-16,"33","field_out","117","136","95.7","29","365","Opposite","0","0.307","1","1","1","82.5","SL","Slider","1","0","0","0","0","0","0","0"
"352","634517","16464826-59fa-4341-a486-f513a5b8f8a0","McCormick Chas,",2021-04-16,"32","double","117","136","102.0","19","296","Straightaway","0","0.477","1","1","1","95.9","FF","4-Seam Fastball","1","1","0","1","0","0","0","0"
"353","634517","762ddbb0-9f7f-4d89-ade7-7ce5fdbe7efc","De Goti Alex,",2021-04-16,"31","single","117","136","96.7","-10","14","Opposite","0","0.253","1","1","1","92.0","FC","Cutter","1","1","1","0","0","0","0","0"
"354","634517","f77fcda1-7c82-43b6-883c-6a297a9492f7","Jones Taylor,",2021-04-16,"30","walk","117","136","null","null","null","null","null","null","0","0","0","93.4","FF","4-Seam Fastball","0","0","0","0","0","0","0","1"
"355","634517","04494870-dd45-41d3-a2b8-6cbf886df825","Correa Carlos,",2021-04-16,"29","single","117","136","84.5","18","250","Straightaway","0","0.907","1","0","1","92.8","FC","Cutter","1","1","1","0","0","0","0","0"
"356","634517","da9c373e-d0b3-4bb2-9c47-cf761c3d1b7a","Gurriel Yuli,",2021-04-16,"28","strikeout","117","136","null","null","null","null","null","null","1","0","0","89.6","CH","Changeup","1","0","0","0","0","0","1","0"
"357","634517","3c9721e9-8211-47bc-b5e6-2c24635bcc77","Brantley Jr. Michael,",2021-04-16,"24","field_out","117","136","92.7","8","150","Straightaway","0","0.533","1","0","1","82.8","SL","Slider","1","0","0","0","0","0","0","0"
"358","634517","540e42fb-a4af-4f00-87a7-bba0d4d0ffc3","Diaz Aledmys,",2021-04-16,"23","field_out","117","136","90.4","-13","11","Straightaway","0","0.134","1","0","1","91.3","FC","Cutter","1","0","0","0","0","0","0","0"
"359","634517","aaf12a4c-fac5-4dcc-a430-c46379ad781d","Straw Myles,",2021-04-16,"22","field_out","117","136","95.4","31","351","Straightaway","0","0.227","1","1","1","91.4","FC","Cutter","1","0","0","0","0","0","0","0"
"360","634517","e3dac887-de7c-4cbf-ad3a-6a19df5d12bb","Castro Jason,",2021-04-16,"17","field_out","117","136","53.7","-49","1","Straightaway","0","0.179","1","0","1","92.8","FC","Cutter","1","0","0","0","0","0","0","0"
"361","634517","dd984810-0bf4-4ddc-ad86-4abeca90256c","McCormick Chas,",2021-04-16,"16","field_out","117","136","93.0","43","288","Straightaway","0","0.01","1","0","1","96.5","FF","4-Seam Fastball","1","0","0","0","0","0","0","0"
"362","634517","067fe2bd-b49d-49a2-9b5e-ec2c55d503bb","De Goti Alex,",2021-04-16,"15","strikeout","117","136","null","null","null","null","null","null","1","0","0","88.1","CH","Changeup","1","0","0","0","0","0","1","0"
"363","634517","7203c480-b5eb-4217-8978-f3c2773180d2","Jones Taylor,",2021-04-16,"9","field_out","117","136","86.0","-7","20","Straightaway","0","0.127","1","0","1","91.9","FC","Cutter","1","0","0","0","0","0","0","0"
"364","634517","4197317c-4f7e-440c-9715-25fabc32eaab","Correa Carlos,",2021-04-16,"8","grounded_into_double_play","117","136","90.9","-23","5","Straightaway","0","0.066","1","0","1","82.7","SL","Slider","1","0","0","0","0","0","0","0"
"365","634517","0468388a-1efc-420a-982e-5a94b79ecc5b","Gurriel Yuli,",2021-04-16,"7","walk","117","136","null","null","null","null","null","null","0","0","0","91.2","FC","Cutter","0","0","0","0","0","0","0","1"
"366","634517","e6a2c8c7-7c47-4585-b4a9-1a16e193cfb0","Brantley Jr. Michael,",2021-04-16,"3","field_out","117","136","71.1","-11","8","Pull","0","0.058","1","0","1","91.3","FC","Cutter","1","0","0","0","0","0","0","0"
"367","634517","08c7b949-9b13-4f6e-8d35-2a2524b0ef4b","Diaz Aledmys,",2021-04-16,"2","field_out","117","136","101.6","33","342","Straightaway","1","0.543","1","1","1","90.9","FC","Cutter","1","0","0","0","0","0","0","0"
"368","634517","513449d9-7858-48b2-b5cb-c57efa64d7c1","Straw Myles,",2021-04-16,"1","field_out","117","136","91.7","27","342","Straightaway","0","0.11","1","0","1","91.2","FC","Cutter","1","0","0","0","0","0","0","0"
"369","632205","ec094ce6-37cc-4b22-804e-926404c7a31d","Kepler Max,",2021-04-10,"46","field_out","142","136","105.0","16","331","Pull","0","0.593","1","1","1","92.0","FC","Cutter","1","0","0","0","0","0","0","0"
"370","632205","a6ade708-0a3a-4c2d-a4bb-55318f657039","Garver Mitch,",2021-04-10,"45","strikeout","142","136","null","null","null","null","null","null","1","0","0","83.9","SL","Slider","1","0","0","0","0","0","1","0"
"371","632205","169ce404-3eec-4203-8a15-272abf8b9057","Buxton Byron,",2021-04-10,"44","field_out","142","136","105.6","11","285","Opposite","0","0.853","1","1","1","94.6","FF","4-Seam Fastball","1","0","0","0","0","0","0","0"
"372","632205","a88c1a94-9baf-4fa1-9603-41892e978b90","Cruz Jr. Nelson,",2021-04-10,"40","field_out","142","136","98.7","38","335","Straightaway","0","0.177","1","1","1","95.1","FF","4-Seam Fastball","1","0","0","0","0","0","0","0"
"373","632205","835b905d-b3b6-4552-a5fd-0648478566d5","Garlick Kyle,",2021-04-10,"39","strikeout","142","136","null","null","null","null","null","null","1","0","0","93.3","FC","Cutter","1","0","0","0","0","0","1","0"
"374","632205","59c5367d-b36c-4ab5-93b5-dc94967cdea0","Polanco Jorge,",2021-04-10,"38","field_out","142","136","34.7","-35","3","Straightaway","0","0.259","1","0","1","84.9","SL","Slider","1","0","0","0","0","0","0","0"
"375","632205","f12ad9a7-1360-490d-b6d5-eae0a1576cf7","Arraez Luis,",2021-04-10,"33","field_out","142","136","96.7","7","118","Straightaway","0","0.58","1","1","1","91.8","FC","Cutter","1","0","0","0","0","0","0","0"
"376","632205","27991db7-81ce-4499-a30d-6fabf3ce7c25","Simmons Andrelton,",2021-04-10,"32","grounded_into_double_play","142","136","101.7","-14","5","Straightaway","0","0.192","1","1","1","92.6","FC","Cutter","1","0","0","0","0","0","0","0"
"377","632205","39147c84-3177-4168-9082-0700c549e38c","Sano Miguel,",2021-04-10,"31","walk","142","136","null","null","null","null","null","null","0","0","0","90.3","FC","Cutter","0","0","0","0","0","0","0","1"
"378","632205","20a77a8f-f3af-4dd9-ae89-c569d13401af","Kepler Max,",2021-04-10,"26","field_out","142","136","85.4","58","171","Straightaway","0","0.02","1","0","1","82.7","SL","Slider","1","0","0","0","0","0","0","0"
"379","632205","e1967a33-ac0d-4a6f-9778-0d0175695e43","Garver Mitch,",2021-04-10,"25","strikeout","142","136","null","null","null","null","null","null","1","0","0","94.3","FF","4-Seam Fastball","1","0","0","0","0","0","1","0"
"380","632205","4027ac29-90fb-48f2-8663-0ae78c654496","Buxton Byron,",2021-04-10,"24","single","142","136","71.4","-44","2","Pull","0","0.14","1","0","1","81.7","SL","Slider","1","1","1","0","0","0","0","0"
"381","632205","1129d483-16e9-4c8a-b999-75e37265d835","Cruz Jr. Nelson,",2021-04-10,"23","home_run","142","136","105.0","24","364","Opposite","1","0.9","1","1","1","82.3","SL","Slider","1","1","0","0","0","1","0","0"
"382","632205","7d65759d-8aeb-482f-bcda-52276d1b439d","Garlick Kyle,",2021-04-10,"22","single","142","136","99.9","11","171","Pull","0","0.827","1","1","1","90.4","FC","Cutter","1","1","1","0","0","0","0","0"
"383","632205","67206a44-5ae3-46e1-8ea2-5b670f09f706","Polanco Jorge,",2021-04-10,"21","field_out","142","136","79.6","28","276","Pull","0","0.167","1","0","1","83.1","SL","Slider","1","0","0","0","0","0","0","0"
"384","632205","c7a74f31-0866-42f5-952e-071cfa8903c6","Arraez Luis,",2021-04-10,"15","strikeout","142","136","null","null","null","null","null","null","1","0","0","92.7","FC","Cutter","1","0","0","0","0","0","1","0"
"385","632205","c19a7fd9-d64d-49e4-be50-714c5afef5b0","Simmons Andrelton,",2021-04-10,"14","walk","142","136","null","null","null","null","null","null","0","0","0","92.3","FC","Cutter","0","0","0","0","0","0","0","1"
"386","632205","f4c37163-71ac-4b57-8cb5-4639885da5c2","Sano Miguel,",2021-04-10,"13","field_out","142","136","95.6","34","354","Straightaway","0","0.15","1","1","1","95.8","FF","4-Seam Fastball","1","0","0","0","0","0","0","0"
"387","632205","8daeae20-a724-49da-8b6a-adaf88a356a2","Kepler Max,",2021-04-10,"12","strikeout","142","136","null","null","null","null","null","null","1","0","0","96.6","FF","4-Seam Fastball","1","0","0","0","0","0","1","0"
"388","632205","43e64c8f-7f7f-4b91-91e9-45daf06acb1a","Garver Mitch,",2021-04-10,"8","field_out","142","136","90.7","35","315","Opposite","0","0.057","1","0","1","84.1","SL","Slider","1","0","0","0","0","0","0","0"
"389","632205","64e88ce3-d7f3-4888-bfdd-b949f500b21b","Buxton Byron,",2021-04-10,"7","single","142","136","113.6","12","228","Pull","1","0.817","1","1","1","91.2","FC","Cutter","1","1","1","0","0","0","0","0"
"390","632205","e4380bca-f3fd-4526-a7b4-17e24c04e326","Cruz Jr. Nelson,",2021-04-10,"6","single","142","136","84.3","19","266","Pull","0","0.867","1","0","1","83.1","SL","Slider","1","1","1","0","0","0","0","0"
"391","632205","f88cb366-ab95-41b5-a92a-bff76faa8547","Garlick Kyle,",2021-04-10,"5","strikeout","142","136","null","null","null","null","null","null","1","0","0","94.5","FF","4-Seam Fastball","1","0","0","0","0","0","1","0"
"392","632205","51a5e2fc-2434-4152-8cb2-2701a4038882","Polanco Jorge,",2021-04-10,"4","field_out","142","136","83.2","45","254","Straightaway","0","0.02","1","0","1","82.6","SL","Slider","1","0","0","0","0","0","0","0"
"393","634578","05852043-3cb6-4a68-bf87-3d4159617b38","Posey III Buster,",2021-04-02,"47","strikeout","137","136","null","null","null","null","null","null","1","0","0","87.7","CH","Changeup","1","0","0","0","0","0","1","0"
"394","634578","00245e8b-40e7-4a5d-b259-105dca98724b","Flores Wilmer,",2021-04-02,"46","single","137","136","98.5","3","78","Pull","0","0.437","1","1","1","90.5","FC","Cutter","1","1","1","0","0","0","0","0"
"395","634578","55fa9917-5f3b-42e3-a1e2-03a94e412c57","Ruf Darin,",2021-04-02,"45","field_out","137","136","106.0","16","319","Straightaway","0","0.6","1","1","1","89.0","FC","Cutter","1","0","0","0","0","0","0","0"
"396","634578","c682afaa-5166-4d77-8b72-b6562f73af36","Longoria Evan,",2021-04-02,"44","home_run","137","136","103.1","26","379","Opposite","1","0.837","1","1","1","94.9","FF","4-Seam Fastball","1","1","0","0","0","1","0","0"
"397","634578","35c9b8ba-08f5-4cff-ae04-8552f45f8ec2","Solano Donovan,",2021-04-02,"43","single","137","136","80.8","2","50","Straightaway","0","0.252","1","0","1","86.0","CH","Changeup","1","1","1","0","0","0","0","0"
"398","634578","9bc5402d-4e62-468b-b10f-509e28650de5","Yastrzemski Mike,",2021-04-02,"42","strikeout","137","136","null","null","null","null","null","null","1","0","0","93.3","FF","4-Seam Fastball","1","0","0","0","0","0","1","0"
"399","634578","c6b19756-0ede-49f6-b8f0-94ffd4a37697","Slater Austin,",2021-04-02,"38","strikeout","137","136","null","null","null","null","null","null","1","0","0","95.3","FF","4-Seam Fastball","1","0","0","0","0","0","1","0"
"400","634578","b963d92c-da01-41be-9451-c32a579687aa","Dubon Mauricio,",2021-04-02,"37","single","137","136","87.6","17","239","Straightaway","0","0.853","1","0","1","95.3","FF","4-Seam Fastball","1","1","1","0","0","0","0","0"
"401","634578","b20c76f2-a93b-4800-bc09-be2e36cbe0cf","Crawford Brandon,",2021-04-02,"36","field_out","137","136","95.1","-18","4","Opposite","0","0.086","1","1","1","91.3","FC","Cutter","1","0","0","0","0","0","0","0"
"402","634578","1541955c-effe-4f5b-b5e0-f79fec1d0556","Posey III Buster,",2021-04-02,"35","strikeout","137","136","null","null","null","null","null","null","1","0","0","95.4","FF","4-Seam Fastball","1","0","0","0","0","0","1","0"
"403","634578","9df4ff74-5dda-4010-aca3-fcbec0dab78c","Flores Wilmer,",2021-04-02,"30","field_out","137","136","95.8","28","372","Straightaway","0","0.29","1","1","1","90.6","FC","Cutter","1","0","0","0","0","0","0","0"
"404","634578","5b78a378-db04-43c4-9a78-fbc4ec534fbf","Ruf Darin,",2021-04-02,"29","strikeout","137","136","null","null","null","null","null","null","1","0","0","81.0","SL","Slider","1","0","0","0","0","0","1","0"
"405","634578","d2c10bd0-fab2-4228-b3c5-77e32d8dc9cc","Longoria Evan,",2021-04-02,"28","walk","137","136","null","null","null","null","null","null","0","0","0","89.4","FC","Cutter","0","0","0","0","0","0","0","1"
"406","634578","702e1d2c-c12b-47d3-8ec2-91a7a75e7a78","Solano Donovan,",2021-04-02,"27","single","137","136","96.6","9","136","Pull","0","0.713","1","1","1","88.8","FC","Cutter","1","1","1","0","0","0","0","0"
"407","634578","b053c76b-8414-41fa-a6da-4609b0536375","Yastrzemski Mike,",2021-04-02,"26","strikeout","137","136","null","null","null","null","null","null","1","0","0","79.5","SL","Slider","1","0","0","0","0","0","1","0"
"408","634578","f84ef4fe-f045-4d21-98c6-5efd47c57942","Slater Austin,",2021-04-02,"19","field_out","137","136","81.8","-40","3","Pull","0","0.077","1","0","1","89.7","FC","Cutter","1","0","0","0","0","0","0","0"
"409","634578","ae2d28d1-4db3-46bf-906a-e1c3cce9f701","Dubon Mauricio,",2021-04-02,"18","field_out","137","136","87.7","22","308","Straightaway","0","0.243","1","0","1","80.9","SL","Slider","1","0","0","0","0","0","0","0"
"410","634578","e1d182e9-15d0-4117-8225-44668c42c6b0","Crawford Brandon,",2021-04-02,"17","field_out","137","136","95.1","-10","15","Straightaway","0","0.183","1","1","1","79.0","SL","Slider","1","0","0","0","0","0","0","0"
"411","634578","8482f711-330c-4a91-99ae-bc06c61133a9","Posey III Buster,",2021-04-02,"16","home_run","137","136","103.7","26","404","Straightaway","1","0.877","1","1","1","94.0","FF","4-Seam Fastball","1","1","0","0","0","1","0","0"
"412","634578","df5364bb-cd13-4574-8156-2adea26efeb2","Flores Wilmer,",2021-04-02,"10","field_out","137","136","89.2","47","261","Opposite","0","0.003","1","0","1","95.2","FF","4-Seam Fastball","1","0","0","0","0","0","0","0"
"413","634578","691ecc6c-0633-4f53-9cc4-a44cb878193b","Ruf Darin,",2021-04-02,"9","strikeout","137","136","null","null","null","null","null","null","1","0","0","95.6","FF","4-Seam Fastball","1","0","0","0","0","0","1","0"
"414","634578","bf1da583-3b26-43d6-9ee6-136d9460bc89","Longoria Evan,",2021-04-02,"8","strikeout","137","136","null","null","null","null","null","null","1","0","0","83.0","SL","Slider","1","0","0","0","0","0","1","0"
"415","634578","3cecc66f-aab4-4cfe-a0aa-824488839513","Solano Donovan,",2021-04-02,"3","strikeout","137","136","null","null","null","null","null","null","1","0","0","83.6","SL","Slider","1","0","0","0","0","0","1","0"
"416","634578","5f8b4d5a-678d-4fb3-a855-a138e60bb65b","Yastrzemski Mike,",2021-04-02,"2","field_out","137","136","75.6","-3","24","Pull","0","0.086","1","0","1","82.9","SL","Slider","1","0","0","0","0","0","0","0"
"417","634578","ffd4293c-97cf-4c5b-9f87-92722ad0e29d","Slater Austin,",2021-04-02,"1","strikeout","137","136","null","null","null","null","null","null","1","0","0","97.0","FF","4-Seam Fastball","1","0","0","0","0","0","1","0"
